date,1a. open (USD),1b. open (USD),2a. high (USD),2b. high (USD),3a. low (USD),3b. low (USD),4a. close (USD),4b. close (USD),5. volume,6. market cap (USD)
12/07/2020,9234.02,9234.02,9345,9345,9157.5,9157.5,9302.75,9302.75,30872.70229,30872.70229
11/07/2020,9288.34,9288.34,9299.28,9299.28,9178.25,9178.25,9234.03,9234.03,22561.366,22561.366
10/07/2020,9232.42,9232.42,9317.48,9317.48,9125,9125,9288.34,9288.34,38295.49401,38295.49401
09/07/2020,9436.06,9436.06,9440.79,9440.79,9160,9160,9232.43,9232.43,48044.45065,48044.45065
08/07/2020,9257.4,9257.4,9470,9470,9231,9231,9436.06,9436.06,56140.51778,56140.51778
07/07/2020,9342.47,9342.47,9379.42,9379.42,9203,9203,9257.39,9257.39,34587.33668,34587.33668
06/07/2020,9069.41,9069.41,9375,9375,9055.92,9055.92,9344.2,9344.2,54463.13228,54463.13228
05/07/2020,9135,9135,9145.24,9145.24,8893.03,8893.03,9069.41,9069.41,34073.65363,34073.65363
04/07/2020,9057.79,9057.79,9190,9190,9040.04,9040.04,9135.46,9135.46,26441.96848,26441.96848
03/07/2020,9086.54,9086.54,9125,9125,9037.47,9037.47,9058.26,9058.26,28943.42018,28943.42018
02/07/2020,9231.99,9231.99,9261.96,9261.96,8940,8940,9086.54,9086.54,45725.16808,45725.16808
01/07/2020,9138.08,9138.08,9292,9292,9080.1,9080.1,9232,9232,38488.5287,38488.5287
30/06/2020,9192.93,9192.93,9205,9205,9064.89,9064.89,9138.55,9138.55,31463.1628,31463.1628
29/06/2020,9116.16,9116.16,9238,9238,9024.67,9024.67,9192.56,9192.56,42120.29326,42120.29326
28/06/2020,9012,9012,9191,9191,8948.06,8948.06,9116.35,9116.35,30688.17642,30688.17642
27/06/2020,9162.21,9162.21,9196.24,9196.24,8833,8833,9012,9012,46290.93011,46290.93011
26/06/2020,9249.49,9249.49,9298,9298,9045.45,9045.45,9162.21,9162.21,50292.29828,50292.29828
25/06/2020,9298.33,9298.33,9340,9340,9009.69,9009.69,9249.49,9249.49,55831.61916,55831.61916
24/06/2020,9624.33,9624.33,9670,9670,9208,9208,9296.49,9296.49,61571.56146,61571.56146
23/06/2020,9685.69,9685.69,9720,9720,9577.03,9577.03,9624.89,9624.89,41031.02938,41031.02938
22/06/2020,9294.69,9294.69,9780,9780,9277.09,9277.09,9685.69,9685.69,57895.46834,57895.46834
21/06/2020,9358.95,9358.95,9422,9422,9281.54,9281.54,9294.69,9294.69,24316.92623,24316.92623
20/06/2020,9310.23,9310.23,9395,9395,9170.95,9170.95,9358.95,9358.95,30329.06538,30329.06538
19/06/2020,9386.32,9386.32,9438.3,9438.3,9215.79,9215.79,9310.23,9310.23,45330.98367,45330.98367
18/06/2020,9465.13,9465.13,9489,9489,9280,9280,9386.32,9386.32,37381.95377,37381.95377
17/06/2020,9526.97,9526.97,9565,9565,9236.61,9236.61,9465.14,9465.14,48046.41115,48046.41115
16/06/2020,9426.05,9426.05,9589,9589,9373.09,9373.09,9525.59,9525.59,52052.44693,52052.44693
15/06/2020,9342.1,9342.1,9495,9495,8910.45,8910.45,9426.02,9426.02,86107.92471,86107.92471
14/06/2020,9473.34,9473.34,9480.99,9480.99,9245,9245,9342.1,9342.1,30055.50661,30055.50661
13/06/2020,9464.96,9464.96,9494.73,9494.73,9351,9351,9473.34,9473.34,27759.78485,27759.78485
12/06/2020,9278.88,9278.88,9557.12,9557.12,9232.51,9232.51,9465.13,9465.13,50119.06693,50119.06693
11/06/2020,9885.22,9885.22,9964,9964,9113,9113,9280.4,9280.4,94418.98473,94418.98473
10/06/2020,9772.44,9772.44,9992.72,9992.72,9704.18,9704.18,9885,9885,47130.76298,47130.76298
09/06/2020,9782,9782,9877,9877,9570,9570,9772.43,9772.43,46024.00129,46024.00129
08/06/2020,9746.99,9746.99,9800,9800,9633,9633,9782.01,9782.01,40664.66413,40664.66413
07/06/2020,9666.85,9666.85,9802,9802,9372.46,9372.46,9746.99,9746.99,57952.84839,57952.84839
06/06/2020,9621.17,9621.17,9735,9735,9531.05,9531.05,9666.3,9666.3,32752.95089,32752.95089
05/06/2020,9788.14,9788.14,9854.75,9854.75,9581,9581,9621.16,9621.16,47788.05005,47788.05005
04/06/2020,9666.32,9666.32,9881.63,9881.63,9450,9450,9789.06,9789.06,57456.10097,57456.10097
03/06/2020,9518.02,9518.02,9690,9690,9365.21,9365.21,9666.24,9666.24,46252.64494,46252.64494
02/06/2020,10202.71,10202.71,10228.99,10228.99,9266,9266,9518.04,9518.04,108970.7732,108970.7732
01/06/2020,9448.27,9448.27,10380,10380,9421.67,9421.67,10200.77,10200.77,76649.12696,76649.12696
31/05/2020,9697.72,9697.72,9700,9700,9381.41,9381.41,9448.27,9448.27,48333.7864,48333.7864
30/05/2020,9426.6,9426.6,9740,9740,9331.23,9331.23,9697.72,9697.72,55665.27254,55665.27254
29/05/2020,9575.87,9575.87,9605.26,9605.26,9330,9330,9427.07,9427.07,57374.36296,57374.36296
28/05/2020,9204.07,9204.07,9625.47,9625.47,9110,9110,9575.89,9575.89,74110.78766,74110.78766
27/05/2020,8841,8841,9225,9225,8811.73,8811.73,9204.07,9204.07,68910.35551,68910.35551
26/05/2020,8900.35,8900.35,9017.67,9017.67,8700,8700,8841.18,8841.18,58299.77014,58299.77014
25/05/2020,8718.14,8718.14,8979.66,8979.66,8642.72,8642.72,8900.35,8900.35,62833.91095,62833.91095
24/05/2020,9179.01,9179.01,9298,9298,8700,8700,8720.34,8720.34,70379.86645,70379.86645
23/05/2020,9170,9170,9307.85,9307.85,9070,9070,9179.15,9179.15,43526.29697,43526.29697
22/05/2020,9067.51,9067.51,9271,9271,8933.52,8933.52,9170,9170,58943.13102,58943.13102
21/05/2020,9511.43,9511.43,9578.47,9578.47,8815,8815,9068.65,9068.65,108928.781,108928.781
20/05/2020,9775.13,9775.13,9842,9842,9326,9326,9511.43,9511.43,74923.73809,74923.73809
19/05/2020,9733.93,9733.93,9897.21,9897.21,9474,9474,9775.53,9775.53,78539.76045,78539.76045
18/05/2020,9681.11,9681.11,9950,9950,9464.23,9464.23,9733.93,9733.93,82006.60358,82006.60358
17/05/2020,9380.81,9380.81,9888,9888,9322.1,9322.1,9680.04,9680.04,68647.76432,68647.76432
16/05/2020,9315.96,9315.96,9588,9588,9220,9220,9381.27,9381.27,59587.62786,59587.62786
15/05/2020,9791.97,9791.97,9845.62,9845.62,9150,9150,9316.42,9316.42,115890.7615,115890.7615
14/05/2020,9309.35,9309.35,9939,9939,9256.76,9256.76,9791.98,9791.98,129565.3775,129565.3775
13/05/2020,8810.99,8810.99,9398,9398,8792.99,8792.99,9309.37,9309.37,92466.27402,92466.27402
12/05/2020,8562.04,8562.04,8978.26,8978.26,8528.78,8528.78,8810.79,8810.79,86522.78007,86522.78007
11/05/2020,8722.77,8722.77,9168,9168,8200,8200,8561.52,8561.52,168807.2518,168807.2518
10/05/2020,9539.1,9539.1,9574.83,9574.83,8117,8117,8722.77,8722.77,183865.182,183865.182
09/05/2020,9800.02,9800.02,9914.25,9914.25,9520,9520,9539.4,9539.4,81950.67957,81950.67957
08/05/2020,9986.3,9986.3,10035.96,10035.96,9705,9705,9800.01,9800.01,100683.7964,100683.7964
07/05/2020,9143.4,9143.4,10067,10067,9021,9021,9986.4,9986.4,147154.6114,147154.6114
06/05/2020,9021.36,9021.36,9395,9395,8906.21,8906.21,9142.92,9142.92,105925.3024,105925.3024
05/05/2020,8871.92,8871.92,9118.58,9118.58,8760,8760,9021.83,9021.83,76480.76534,76480.76534
04/05/2020,8894.15,8894.15,8950,8950,8522,8522,8871.96,8871.96,84418.51233,84418.51233
03/05/2020,8972.58,8972.58,9200,9200,8712,8712,8894.16,8894.16,90126.06564,90126.06564
02/05/2020,8825.67,8825.67,9010,9010,8753,8753,8972.05,8972.05,59002.08755,59002.08755
01/05/2020,8620,8620,9059.18,9059.18,8613.56,8613.56,8826.96,8826.96,91468.81506,91468.81506
30/04/2020,8778.58,8778.58,9460,9460,8401,8401,8620,8620,206277.2141,206277.2141
29/04/2020,7738.58,7738.58,8952.89,8952.89,7710.05,7710.05,8778.57,8778.57,183546.8875,183546.8875
28/04/2020,7773.51,7773.51,7780,7780,7659.12,7659.12,7738.98,7738.98,46302.75264,46302.75264
27/04/2020,7693.1,7693.1,7792.02,7792.02,7606,7606,7774.62,7774.62,65441.33958,65441.33958
26/04/2020,7539.03,7539.03,7700,7700,7480,7480,7693.1,7693.1,50522.61621,50522.61621
25/04/2020,7505,7505,7705,7705,7431.07,7431.07,7538.67,7538.67,43874.42773,43874.42773
24/04/2020,7483.96,7483.96,7615.96,7615.96,7388,7388,7505,7505,60182.11994,60182.11994
23/04/2020,7125.12,7125.12,7738,7738,7020,7020,7482.39,7482.39,102773.5696,102773.5696
22/04/2020,6841.36,6841.36,7156.38,7156.38,6818,6818,7125.14,7125.14,61486.37733,61486.37733
21/04/2020,6828.98,6828.98,6940,6940,6762,6762,6841.37,6841.37,60109.71081,60109.71081
20/04/2020,7121.4,7121.4,7220,7220,6751,6751,6826.83,6826.83,90149.49137,90149.49137
19/04/2020,7248.6,7248.6,7266.15,7266.15,7055.6,7055.6,7120.74,7120.74,45664.86393,45664.86393
18/04/2020,7026.78,7026.78,7293.08,7293.08,7014.4,7014.4,7248.6,7248.6,49488.54282,49488.54282
17/04/2020,7101.99,7101.99,7148.12,7148.12,6972.98,6972.98,7027.55,7027.55,54126.50976,54126.50976
16/04/2020,6621.25,6621.25,7190,7190,6468.27,6468.27,7101.94,7101.94,125009.8575,125009.8575
15/04/2020,6868.57,6868.57,6933,6933,6605,6605,6621.24,6621.24,61571.38499,61571.38499
14/04/2020,6838.04,6838.04,6978,6978,6754.28,6754.28,6868.7,6868.7,69068.62329,69068.62329
13/04/2020,6903.79,6903.79,6903.79,6903.79,6575,6575,6837.91,6837.91,96415.47657,96415.47657
12/04/2020,6876.84,6876.84,7177,7177,6780,6780,6903.79,6903.79,73868.6665,73868.6665
11/04/2020,6858.92,6858.92,6944.3,6944.3,6760,6760,6876.83,6876.83,45470.29321,45470.29321
10/04/2020,7283.54,7283.54,7295.75,7295.75,6739.98,6739.98,6858.92,6858.92,104674.6234,104674.6234
09/04/2020,7360.26,7360.26,7371.92,7371.92,7108.08,7108.08,7283.54,7283.54,61094.87242,61094.87242
08/04/2020,7197.32,7197.32,7420,7420,7150,7150,7361.28,7361.28,76059.14584,76059.14584
07/04/2020,7329.9,7329.9,7459.69,7459.69,7077,7077,7197.32,7197.32,103585.1689,103585.1689
06/04/2020,6772.78,6772.78,7355.14,7355.14,6765,6765,7329.9,7329.9,118052.0008,118052.0008
05/04/2020,6857.41,6857.41,6895.54,6895.54,6677.52,6677.52,6772.78,6772.78,49685.35698,49685.35698
04/04/2020,6732.97,6732.97,6990.41,6990.41,6650.01,6650.01,6856.99,6856.99,72990.86114,72990.86114
03/04/2020,6793.86,6793.86,7048,7048,6602.1,6602.1,6734.1,6734.1,104080.2769,104080.2769
02/04/2020,6643.36,6643.36,7198,7198,6551,6551,6794.09,6794.09,149299.9069,149299.9069
01/04/2020,6412.14,6412.14,6679.94,6679.94,6150.11,6150.11,6642.92,6642.92,97500.7524,97500.7524
31/03/2020,6394.45,6394.45,6523.23,6523.23,6321.4,6321.4,6410.44,6410.44,72337.59526,72337.59526
30/03/2020,5880.5,5880.5,6599,6599,5857.76,5857.76,6394.38,6394.38,118889.55,118889.55
29/03/2020,6236.65,6236.65,6266,6266,5866.56,5866.56,5881.42,5881.42,63311.62771,63311.62771
28/03/2020,6359.11,6359.11,6360,6360,6024,6024,6236.65,6236.65,93159.69343,93159.69343
27/03/2020,6737.27,6737.27,6842.59,6842.59,6261,6261,6359.11,6359.11,82914.96835,82914.96835
26/03/2020,6677.42,6677.42,6780,6780,6510,6510,6737.36,6737.36,83026.55521,83026.55521
25/03/2020,6744.69,6744.69,6957.96,6957.96,6450,6450,6677.43,6677.43,132155.735,132155.735
24/03/2020,6465.25,6465.25,6833,6833,6371.33,6371.33,6744.72,6744.72,151138.0099,151138.0099
23/03/2020,5816.05,5816.05,6600,6600,5688,5688,6467.31,6467.31,164674.2158,164674.2158
22/03/2020,6187.04,6187.04,6407.87,6407.87,5734.01,5734.01,5816.19,5816.19,119115.9905,119115.9905
21/03/2020,6204.57,6204.57,6456.98,6456.98,5860.02,5860.02,6186.98,6186.98,128913.6684,128913.6684
20/03/2020,6162.05,6162.05,6900,6900,5670,5670,6208.36,6208.36,219298.3295,219298.3295
19/03/2020,5393.26,5393.26,6400,6400,5252.53,5252.53,6162.37,6162.37,199020.8734,199020.8734
18/03/2020,5312.64,5312.64,5436.17,5436.17,5009.37,5009.37,5393.04,5393.04,137127.6349,137127.6349
17/03/2020,5028.86,5028.86,5525,5525,4921.45,4921.45,5312.64,5312.64,150089.9263,150089.9263
16/03/2020,5360.33,5360.33,5365.42,5365.42,4442.12,4442.12,5028.97,5028.97,227276.9228,227276.9228
15/03/2020,5172.48,5172.48,5940,5940,5093.1,5093.1,5361.3,5361.3,139916.1465,139916.1465
14/03/2020,5576.05,5576.05,5640.52,5640.52,5055.13,5055.13,5172.06,5172.06,136910.136,136910.136
13/03/2020,4800.01,4800.01,5955,5955,3782.13,3782.13,5578.6,5578.6,402201.6738,402201.6738
12/03/2020,7934.58,7934.58,7966.17,7966.17,4410,4410,4800,4800,261505.6087,261505.6087
11/03/2020,7894.57,7894.57,7980,7980,7590,7590,7934.52,7934.52,79942.41117,79942.41117
10/03/2020,7929.87,7929.87,8149,8149,7728.01,7728.01,7894.56,7894.56,86783.44388,86783.44388
09/03/2020,8034.76,8034.76,8179.31,8179.31,7632.01,7632.01,7929.87,7929.87,116968.8633,116968.8633
08/03/2020,8885.25,8885.25,8886.76,8886.76,8000,8000,8033.31,8033.31,77537.31517,77537.31517
07/03/2020,9130.89,9130.89,9188,9188,8835,8835,8886.66,8886.66,45422.20453,45422.20453
06/03/2020,9054.64,9054.64,9170,9170,8985.5,8985.5,9131.88,9131.88,43782.94804,43782.94804
05/03/2020,8750.99,8750.99,9159.42,9159.42,8746.54,8746.54,9054.68,9054.68,58201.86636,58201.86636
04/03/2020,8760.07,8760.07,8848.29,8848.29,8660,8660,8750.87,8750.87,38696.48258,38696.48258
03/03/2020,8911.18,8911.18,8919.65,8919.65,8651,8651,8760.07,8760.07,55154.99728,55154.99728
02/03/2020,8530.3,8530.3,8965.75,8965.75,8498,8498,8915.24,8915.24,60401.31773,60401.31773
01/03/2020,8523.61,8523.61,8750,8750,8411,8411,8531.88,8531.88,43892.20178,43892.20178
29/02/2020,8690.8,8690.8,8790,8790,8523.55,8523.55,8523.61,8523.61,36748.18304,36748.18304
28/02/2020,8823.25,8823.25,8900,8900,8445,8445,8692.91,8692.91,71155.20898,71155.20898
27/02/2020,8786,8786,8971.77,8971.77,8531,8531,8823.21,8823.21,72483.57876,72483.57876
26/02/2020,9316.48,9316.48,9377.44,9377.44,8633.63,8633.63,8785.25,8785.25,92130.34548,92130.34548
25/02/2020,9655.52,9655.52,9675,9675,9250,9250,9315.84,9315.84,54379.34455,54379.34455
24/02/2020,9936.4,9936.4,9990,9990,9473.56,9473.56,9656.13,9656.13,55796.59612,55796.59612
23/02/2020,9650.85,9650.85,9990,9990,9645,9645,9936.4,9936.4,37702.08984,37702.08984
22/02/2020,9677.05,9677.05,9709.17,9709.17,9560.02,9560.02,9650.86,9650.86,24636.75762,24636.75762
21/02/2020,9597.21,9597.21,9755.51,9755.51,9550.21,9550.21,9677.05,9677.05,42181.55452,42181.55452
20/02/2020,9594.65,9594.65,9699,9699,9400,9400,9596.42,9596.42,60152.34291,60152.34291
19/02/2020,10164.78,10164.78,10250,10250,9350,9350,9593.79,9593.79,55162.5869,55162.5869
18/02/2020,9706,9706,10250,10250,9576.01,9576.01,10164.71,10164.71,70604.12402,70604.12402
17/02/2020,9910.7,9910.7,9964.16,9964.16,9452.67,9452.67,9706,9706,70261.0119,70261.0119
16/02/2020,9904.46,9904.46,10050,10050,9638.12,9638.12,9917.27,9917.27,60023.99954,60023.99954
15/02/2020,10344.36,10344.36,10375,10375,9801,9801,9904.72,9904.72,57657.20295,57657.20295
14/02/2020,10227.78,10227.78,10381.56,10381.56,10111.37,10111.37,10344.36,10344.36,47038.48017,47038.48017
13/02/2020,10325.33,10325.33,10500,10500,10080,10080,10229.63,10229.63,79344.35876,79344.35876
12/02/2020,10223.08,10223.08,10450,10450,10223.08,10223.08,10326.46,10326.46,61008.06393,61008.06393
11/02/2020,9851.74,9851.74,10323.59,10323.59,9700,9700,10223.08,10223.08,62422.39522,62422.39522
10/02/2020,10151.72,10151.72,10188,10188,9756,9756,9851.83,9851.83,59573.08462,59573.08462
09/02/2020,9895.04,9895.04,10166,10166,9880.75,9880.75,10151.75,10151.75,43408.47562,43408.47562
08/02/2020,9813.87,9813.87,9940,9940,9667.11,9667.11,9895.05,9895.05,43600.84367,43600.84367
07/02/2020,9772,9772,9885,9885,9730,9730,9813.73,9813.73,43966.11463,43966.11463
06/02/2020,9612.03,9612.03,9862.57,9862.57,9526.35,9526.35,9772,9772,64949.70659,64949.70659
05/02/2020,9197.02,9197.02,9744.45,9744.45,9177.22,9177.22,9612.04,9612.04,64870.41562,64870.41562
04/02/2020,9291.35,9291.35,9350,9350,9093.01,9093.01,9197.02,9197.02,53308.17527,53308.17527
03/02/2020,9331.59,9331.59,9618.79,9618.79,9234,9234,9292.24,9292.24,50892.13345,50892.13345
02/02/2020,9384.41,9384.41,9477.03,9477.03,9120,9120,9331.51,9331.51,45690.91254,45690.91254
01/02/2020,9351.71,9351.71,9464.53,9464.53,9281,9281,9384.61,9384.61,28578.06735,28578.06735
31/01/2020,9511.52,9511.52,9530.22,9530.22,9210.01,9210.01,9352.89,9352.89,45552.02235,45552.02235
30/01/2020,9301.57,9301.57,9578,9578,9204.44,9204.44,9513.21,9513.21,60626.74426,60626.74426
29/01/2020,9375.34,9375.34,9449.24,9449.24,9216,9216,9301.53,9301.53,53864.06512,53864.06512
28/01/2020,8907.57,8907.57,9400,9400,8862.4,8862.4,9374.21,9374.21,74584.85377,74584.85377
27/01/2020,8614.39,8614.39,9000,9000,8535,8535,8907.57,8907.57,53973.543,53973.543
26/01/2020,8340.01,8340.01,8618.13,8618.13,8293.66,8293.66,8615,8615,31130.48516,31130.48516
25/01/2020,8438.99,8438.99,8451.26,8451.26,8254.9,8254.9,8340.58,8340.58,25521.15793,25521.15793
24/01/2020,8404.52,8404.52,8528.02,8528.02,8238,8238,8439,8439,41687.52953,41687.52953
23/01/2020,8682.77,8682.77,8691.81,8691.81,8306.39,8306.39,8404.52,8404.52,48165.9446,48165.9446
22/01/2020,8736.04,8736.04,8818,8818,8590,8590,8682.36,8682.36,29080.55714,29080.55714
21/01/2020,8642.35,8642.35,8789,8789,8488,8488,8736.03,8736.03,36494.68766,36494.68766
20/01/2020,8701.72,8701.72,8746.99,8746.99,8521.28,8521.28,8642.35,8642.35,38896.63975,38896.63975
19/01/2020,8915.09,8915.09,9198.98,9198.98,8466,8466,8701.7,8701.7,70676.88926,70676.88926
18/01/2020,8913.27,8913.27,8988.88,8988.88,8806.38,8806.38,8915.96,8915.96,38294.74655,38294.74655
17/01/2020,8720.15,8720.15,9041.65,9041.65,8672.44,8672.44,8913.28,8913.28,70897.73738,70897.73738
16/01/2020,8820.01,8820.01,8859.81,8859.81,8586,8586,8720.01,8720.01,51991.07428,51991.07428
15/01/2020,8814.64,8814.64,8916.48,8916.48,8564,8564,8821.41,8821.41,84816.29761,84816.29761
14/01/2020,8110.34,8110.34,8880,8880,8105.54,8105.54,8810.01,8810.01,120399.1267,120399.1267
13/01/2020,8184.97,8184.97,8196,8196,8055.89,8055.89,8110.34,8110.34,31159.75568,31159.75568
12/01/2020,8020.01,8020.01,8197,8197,7960,7960,8184.98,8184.98,38131.49434,38131.49434
11/01/2020,8198.86,8198.86,8286.34,8286.34,8003.16,8003.16,8020.01,8020.01,54810.03267,54810.03267
10/01/2020,7817.74,7817.74,8199,8199,7672,7672,8197.02,8197.02,82406.77745,82406.77745
09/01/2020,8054.72,8054.72,8055.96,8055.96,7750,7750,7817.76,7817.76,64239.51983,64239.51983
08/01/2020,8145.92,8145.92,8455,8455,7870,7870,8055.98,8055.98,112622.6426,112622.6426
07/01/2020,7758.9,7758.9,8207.68,8207.68,7723.71,7723.71,8145.28,8145.28,91171.68466,91171.68466
06/01/2020,7357.64,7357.64,7795.34,7795.34,7346.76,7346.76,7758,7758,54635.69532,54635.69532
05/01/2020,7354.19,7354.19,7495,7495,7318,7318,7358.75,7358.75,38331.0856,38331.0856
04/01/2020,7345,7345,7404,7404,7272.21,7272.21,7354.11,7354.11,29987.97498,29987.97498
03/01/2020,6965.49,6965.49,7405,7405,6871.04,6871.04,7344.96,7344.96,68428.50045,68428.50045
02/01/2020,7200.77,7200.77,7212.5,7212.5,6924.74,6924.74,6965.71,6965.71,31951.48393,31951.48393
01/01/2020,7195.24,7195.24,7255,7255,7175.15,7175.15,7200.85,7200.85,16792.38817,16792.38817
31/12/2019,7246,7246,7320,7320,7145.01,7145.01,7195.23,7195.23,25954.45353,25954.45353
30/12/2019,7388.43,7388.43,7408.24,7408.24,7220,7220,7246,7246,29605.91178,29605.91178
29/12/2019,7315.36,7315.36,7528.45,7528.45,7288,7288,7388.24,7388.24,31387.10609,31387.10609
28/12/2019,7254.77,7254.77,7365.01,7365.01,7238.67,7238.67,7316.14,7316.14,26848.9822,26848.9822
27/12/2019,7202,7202,7275.86,7275.86,7076.42,7076.42,7254.74,7254.74,33642.70186,33642.70186
26/12/2019,7205.01,7205.01,7435,7435,7157.12,7157.12,7202,7202,36259.76108,36259.76108
25/12/2019,7255.77,7255.77,7271.77,7271.77,7128.86,7128.86,7204.63,7204.63,27492.04432,27492.04432
24/12/2019,7317.3,7317.3,7436.68,7436.68,7157.04,7157.04,7255.77,7255.77,43629.49419,43629.49419
23/12/2019,7500.71,7500.71,7695.38,7695.38,7265.84,7265.84,7317.09,7317.09,68051.9972,68051.9972
22/12/2019,7131.59,7131.59,7518.54,7518.54,7122.47,7122.47,7501.44,7501.44,39137.45515,39137.45515
21/12/2019,7188.01,7188.01,7190.58,7190.58,7105,7105,7132.75,7132.75,19467.17403,19467.17403
20/12/2019,7151.31,7151.31,7220,7220,7079.5,7079.5,7187.83,7187.83,32132.06921,32132.06921
19/12/2019,7277.83,7277.83,7380,7380,7038.31,7038.31,7150.3,7150.3,55509.04908,55509.04908
18/12/2019,6623.84,6623.84,7440,7440,6435,6435,7277.83,7277.83,95636.65125,95636.65125
17/12/2019,6891.44,6891.44,6942.21,6942.21,6560,6560,6623.82,6623.82,53865.06993,53865.06993
16/12/2019,7119.6,7119.6,7150,7150,6836,6836,6891.72,6891.72,43863.99306,43863.99306
15/12/2019,7064.14,7064.14,7200.3,7200.3,7008.35,7008.35,7118.59,7118.59,26395.77814,26395.77814
14/12/2019,7257.37,7257.37,7271.77,7271.77,7012,7012,7064.05,7064.05,29561.98597,29561.98597
13/12/2019,7197.76,7197.76,7309.05,7309.05,7190.76,7190.76,7258.48,7258.48,27609.8738,27609.8738
12/12/2019,7210,7210,7295,7295,7080.3,7080.3,7198.08,7198.08,42288.60093,42288.60093
11/12/2019,7224.15,7224.15,7275.5,7275.5,7125.66,7125.66,7210,7210,30093.09194,30093.09194
10/12/2019,7338.64,7338.64,7407.6,7407.6,7157.1,7157.1,7224.13,7224.13,49723.76214,49723.76214
09/12/2019,7510.11,7510.11,7650,7650,7273,7273,7338.64,7338.64,46621.88749,46621.88749
08/12/2019,7487.31,7487.31,7564,7564,7374.86,7374.86,7510.11,7510.11,29856.89763,29856.89763
07/12/2019,7527.8,7527.8,7619.62,7619.62,7470.16,7470.16,7488.21,7488.21,31498.68417,31498.68417
06/12/2019,7389,7389,7590.03,7590.03,7305,7305,7527.47,7527.47,48189.08794,48189.08794
05/12/2019,7194.59,7194.59,7485,7485,7150,7150,7389,7389,59306.67886,59306.67886
04/12/2019,7292.71,7292.71,7750,7750,7067,7067,7194.32,7194.32,83147.14914,83147.14914
03/12/2019,7294.42,7294.42,7400,7400,7241.35,7241.35,7292.71,7292.71,33149.47749,33149.47749
02/12/2019,7391.5,7391.5,7420.56,7420.56,7151.1,7151.1,7294.28,7294.28,46330.25604,46330.25604
01/12/2019,7540.63,7540.63,7541.85,7541.85,7210,7210,7390.89,7390.89,60769.34231,60769.34231
30/11/2019,7740.99,7740.99,7810,7810,7441,7441,7541.89,7541.89,46989.43362,46989.43362
29/11/2019,7418.52,7418.52,7850,7850,7362.3,7362.3,7739.68,7739.68,60745.30087,60745.30087
28/11/2019,7507.9,7507.9,7643,7643,7360,7360,7419.49,7419.49,56933.98111,56933.98111
27/11/2019,7154.75,7154.75,7655,7655,6840,6840,7508.52,7508.52,92452.87349,92452.87349
26/11/2019,7109.99,7109.99,7340,7340,7017.48,7017.48,7156.14,7156.14,65722.39769,65722.39769
25/11/2019,6900.23,6900.23,7377.69,7377.69,6515,6515,7109.57,7109.57,119645.7352,119645.7352
24/11/2019,7311.1,7311.1,7330.39,7330.39,6861,6861,6903.28,6903.28,67890.20648,67890.20648
23/11/2019,7268.23,7268.23,7344.48,7344.48,7080.01,7080.01,7311.57,7311.57,50449.89476,50449.89476
22/11/2019,7627.79,7627.79,7750,7750,6790,6790,7268.23,7268.23,126603.1403,126603.1403
21/11/2019,8098.56,8098.56,8134.73,8134.73,7500,7500,7627.74,7627.74,58418.78026,58418.78026
20/11/2019,8133.83,8133.83,8264.29,8264.29,8038.4,8038.4,8098.01,8098.01,32466.23098,32466.23098
19/11/2019,8186.5,8186.5,8218.63,8218.63,8003,8003,8133.64,8133.64,43556.06103,43556.06103
18/11/2019,8502.87,8502.87,8503.52,8503.52,8060,8060,8187.17,8187.17,43017.69094,43017.69094
17/11/2019,8490.74,8490.74,8635,8635,8350.68,8350.68,8502.4,8502.4,27009.03708,27009.03708
16/11/2019,8471.62,8471.62,8543,8543,8400,8400,8491.02,8491.02,20902.29975,20902.29975
15/11/2019,8646.38,8646.38,8790,8790,8400,8400,8471.73,8471.73,46087.41775,46087.41775
14/11/2019,8777.54,8777.54,8800,8800,8582.6,8582.6,8646.68,8646.68,33468.46896,33468.46896
13/11/2019,8821.91,8821.91,8844.99,8844.99,8702,8702,8777.12,8777.12,26810.11692,26810.11692
12/11/2019,8733.36,8733.36,8888,8888,8567.6,8567.6,8821.94,8821.94,40366.62947,40366.62947
11/11/2019,9040.16,9040.16,9072.32,9072.32,8618.68,8618.68,8733.27,8733.27,44888.05355,44888.05355
10/11/2019,8809.18,8809.18,9147.19,9147.19,8750,8750,9039.47,9039.47,34422.0298,34422.0298
09/11/2019,8773.74,8773.74,8880,8880,8724.88,8724.88,8809.41,8809.41,29469.48141,29469.48141
08/11/2019,9214,9214,9261,9261,8696,8696,8773.73,8773.73,62107.28924,62107.28924
07/11/2019,9339.16,9339.16,9375,9375,9101,9101,9216.2,9216.2,39117.47085,39117.47085
06/11/2019,9307.73,9307.73,9440.91,9440.91,9250.01,9250.01,9339.05,9339.05,37336.17037,37336.17037
05/11/2019,9392.4,9392.4,9454.95,9454.95,9175.76,9175.76,9308.66,9308.66,45935.87367,45935.87367
04/11/2019,9196.46,9196.46,9513.68,9513.68,9115.84,9115.84,9393.35,9393.35,45894.45628,45894.45628
03/11/2019,9289.85,9289.85,9362.57,9362.57,9066.14,9066.14,9194.71,9194.71,27894.37828,27894.37828
02/11/2019,9231.4,9231.4,9373.74,9373.74,9186.21,9186.21,9289.52,9289.52,28923.06083,28923.06083
01/11/2019,9140.86,9140.86,9279,9279,9030,9030,9231.61,9231.61,43594.81412,43594.81412
31/10/2019,9154.02,9154.02,9405,9405,8913,8913,9140.85,9140.85,54376.0249,54376.0249
30/10/2019,9407.62,9407.62,9409.84,9409.84,9001.01,9001.01,9154.72,9154.72,55241.78643,55241.78643
29/10/2019,9204.45,9204.45,9550,9550,9072,9072,9407.62,9407.62,64158.46245,64158.46245
28/10/2019,9528.23,9528.23,9902.1,9902.1,9160,9160,9205.14,9205.14,80174.21732,80174.21732
27/10/2019,9230,9230,9794.98,9794.98,9074.34,9074.34,9529.93,9529.93,93833.5416,93833.5416
26/10/2019,8655.88,8655.88,10370,10370,8470.38,8470.38,9230,9230,162588.5854,162588.5854
25/10/2019,7412.41,7412.41,8799,8799,7361,7361,8655.02,8655.02,90748.21817,90748.21817
24/10/2019,7468.47,7468.47,7503.68,7503.68,7337.99,7337.99,7412.41,7412.41,32714.38327,32714.38327
23/10/2019,8020.06,8020.06,8047.59,8047.59,7300,7300,7466.62,7466.62,63897.4571,63897.4571
22/10/2019,8197.28,8197.28,8297.99,8297.99,8000,8000,8020,8020,34651.82866,34651.82866
21/10/2019,8223.35,8223.35,8333,8333,8142.03,8142.03,8197.27,8197.27,30448.67954,30448.67954
20/10/2019,7949.87,7949.87,8297,8297,7870,7870,8223.35,8223.35,34286.45265,34286.45265
19/10/2019,7946.89,7946.89,8098.1,8098.1,7866.92,7866.92,7948.01,7948.01,26627.88939,26627.88939
18/10/2019,8070.71,8070.71,8115,8115,7816.01,7816.01,7947.01,7947.01,31353.18142,31353.18142
17/10/2019,7995.02,7995.02,8124.92,8124.92,7929.03,7929.03,8070.58,8070.58,29656.94916,29656.94916
16/10/2019,8159.3,8159.3,8181.16,8181.16,7917,7917,7991.74,7991.74,34733.59397,34733.59397
15/10/2019,8346.86,8346.86,8403,8403,8090,8090,8159.29,8159.29,32773.06248,32773.06248
14/10/2019,8275.24,8275.24,8388.85,8388.85,8203,8203,8348.2,8348.2,29810.66325,29810.66325
13/10/2019,8301.98,8301.98,8451.37,8451.37,8160,8160,8275.01,8275.01,27840.73995,27840.73995
12/10/2019,8257.95,8257.95,8400,8400,8250,8250,8300.09,8300.09,21339.3341,21339.3341
11/10/2019,8557.82,8557.82,8779.51,8779.51,8212.38,8212.38,8258.5,8258.5,50405.28442,50405.28442
10/10/2019,8562.15,8562.15,8644,8644,8414.52,8414.52,8558.03,8558.03,39137.94617,39137.94617
09/10/2019,8170.79,8170.79,8670,8670,8115,8115,8560.74,8560.74,55038.70438,55038.70438
08/10/2019,8190.82,8190.82,8325,8325,8088.75,8088.75,8168.39,8168.39,35452.65742,35452.65742
07/10/2019,7855.3,7855.3,8299.92,8299.92,7762,7762,8190.09,8190.09,52202.0723,52202.0723
06/10/2019,8127.55,8127.55,8153.87,8153.87,7785,7785,7854.25,7854.25,34676.10405,34676.10405
05/10/2019,8137.09,8137.09,8183.41,8183.41,8012.98,8012.98,8126.19,8126.19,21907.61556,21907.61556
04/10/2019,8224.43,8224.43,8232.41,8232.41,8005,8005,8137.13,8137.13,26476.3304,26476.3304
03/10/2019,8360,8360,8393,8393,8060,8060,8223.96,8223.96,30488.28406,30488.28406
02/10/2019,8292.67,8292.67,8373.91,8373.91,8151.22,8151.22,8359.94,8359.94,26243.38664,26243.38664
01/10/2019,8289.97,8289.97,8500,8500,8173.05,8173.05,8292.44,8292.44,43472.41809,43472.41809
30/09/2019,8043.04,8043.04,8337.26,8337.26,7710,7710,8289.34,8289.34,55865.48726,55865.48726
29/09/2019,8199.38,8199.38,8229.13,8229.13,7890,7890,8043.82,8043.82,31544.21139,31544.21139
28/09/2019,8177.47,8177.47,8315,8315,8001.09,8001.09,8198.81,8198.81,34473.60517,34473.60517
27/09/2019,8063.49,8063.49,8265,8265,7852.15,7852.15,8177.91,8177.91,43882.92463,43882.92463
26/09/2019,8430.05,8430.05,8465.99,8465.99,7750,7750,8063.73,8063.73,67930.85375,67930.85375
25/09/2019,8497.55,8497.55,8730,8730,8215.64,8215.64,8430.05,8430.05,60783.89226,60783.89226
24/09/2019,9702.2,9702.2,9794.99,9794.99,7800,7800,8493.14,8493.14,94007.3452,94007.3452
23/09/2019,10028.05,10028.05,10049.99,10049.99,9615.77,9615.77,9702.25,9702.25,31937.23236,31937.23236
22/09/2019,9985.15,9985.15,10089,10089,9853.97,9853.97,10028.87,10028.87,22049.27526,22049.27526
21/09/2019,10167.92,10167.92,10176.7,10176.7,9900,9900,9986.39,9986.39,20544.1752,20544.1752
20/09/2019,10243.7,10243.7,10281,10281,10061.39,10061.39,10168.59,10168.59,25088.49107,25088.49107
19/09/2019,10156.41,10156.41,10325,10325,9653,9653,10244.29,10244.29,44826.28258,44826.28258
18/09/2019,10187.48,10187.48,10258.02,10258.02,10100,10100,10156.99,10156.99,24250.2493,24250.2493
17/09/2019,10249.68,10249.68,10275,10275,10128.01,10128.01,10187.82,10187.82,22914.32456,22914.32456
16/09/2019,10303.34,10303.34,10355,10355,10078,10078,10251.31,10251.31,28971.40166,28971.40166
15/09/2019,10332.81,10332.81,10360,10360,10252.15,10252.15,10302.01,10302.01,18047.65401,18047.65401
14/09/2019,10344.13,10344.13,10419.99,10419.99,10222.33,10222.33,10335.02,10335.02,23621.53352,23621.53352
13/09/2019,10415.01,10415.01,10439,10439,10153,10153,10342.06,10342.06,30280.33978,30280.33978
12/09/2019,10158.75,10158.75,10448.81,10448.81,10040,10040,10415.01,10415.01,34511.16276,34511.16276
11/09/2019,10098.19,10098.19,10293,10293,9880,9880,10158.33,10158.33,31953.82456,31953.82456
10/09/2019,10302.58,10302.58,10384.99,10384.99,9953,9953,10098.15,10098.15,28915.41223,28915.41223
09/09/2019,10381.24,10381.24,10480,10480,10068.5,10068.5,10303.12,10303.12,39835.72761,39835.72761
08/09/2019,10455.9,10455.9,10592.5,10592.5,10208,10208,10381.18,10381.18,23984.67202,23984.67202
07/09/2019,10298.71,10298.71,10558,10558,10288.57,10288.57,10455.88,10455.88,27637.87739,27637.87739
06/09/2019,10563.13,10563.13,10905.87,10905.87,10150,10150,10298.73,10298.73,58799.64096,58799.64096
05/09/2019,10565.92,10565.92,10900,10900,10450,10450,10564.49,10564.49,33970.96064,33970.96064
04/09/2019,10611.85,10611.85,10799,10799,10369.89,10369.89,10567.02,10567.02,43943.88903,43943.88903
03/09/2019,10340,10340,10773,10773,10272,10272,10615.28,10615.28,47998.37678,47998.37678
02/09/2019,9723.59,9723.59,10450,10450,9712.5,9712.5,10340,10340,44740.24809,44740.24809
01/09/2019,9588.74,9588.74,9830,9830,9520,9520,9724.98,9724.98,19545.40484,19545.40484
31/08/2019,9582.76,9582.76,9684.51,9684.51,9420.75,9420.75,9587.47,9587.47,17130.29007,17130.29007
30/08/2019,9499.01,9499.01,9696,9696,9350.41,9350.41,9584.54,9584.54,26834.3181,26834.3181
29/08/2019,9721,9721,9724,9724,9320,9320,9498.44,9498.44,35532.69491,35532.69491
28/08/2019,10185.69,10185.69,10299,10299,9601.01,9601.01,9721,9721,42110.55538,42110.55538
27/08/2019,10373.6,10373.6,10391.08,10391.08,10051.08,10051.08,10185.05,10185.05,28402.77538,28402.77538
26/08/2019,10142.69,10142.69,10604,10604,10137.93,10137.93,10372.25,10372.25,41687.5116,41687.5116
25/08/2019,10134.61,10134.61,10333,10333,9906.97,9906.97,10142.69,10142.69,26271.6574,26271.6574
24/08/2019,10388.16,10388.16,10419.42,10419.42,9890,9890,10134.35,10134.35,27692.45684,27692.45684
23/08/2019,10099.9,10099.9,10445,10445,10019.79,10019.79,10389.55,10389.55,27550.33617,27550.33617
22/08/2019,10140.82,10140.82,10242,10242,9762,9762,10099.88,10099.88,34059.64274,34059.64274
21/08/2019,10760.51,10760.51,10804.13,10804.13,9858,9858,10142.57,10142.57,47355.71928,47355.71928
20/08/2019,10914.73,10914.73,10949.96,10949.96,10560,10560,10760.51,10760.51,32298.92168,32298.92168
19/08/2019,10306.17,10306.17,10930,10930,10258.6,10258.6,10915.54,10915.54,37243.31922,37243.31922
18/08/2019,10216.05,10216.05,10500,10500,10080,10080,10306.78,10306.78,24085.39517,24085.39517
17/08/2019,10331.15,10331.15,10465.14,10465.14,10000,10000,10216.02,10216.02,29000.5812,29000.5812
16/08/2019,10296.77,10296.77,10536.03,10536.03,9750,9750,10331.54,10331.54,51758.14292,51758.14292
15/08/2019,10055.16,10055.16,10460,10460,9911,9911,10293.93,10293.93,38174.45112,38174.45112
14/08/2019,10893.36,10893.36,10897.48,10897.48,9928.1,9928.1,10050.37,10050.37,54451.8475,54451.8475
13/08/2019,11398.35,11398.35,11456.16,11456.16,10788.45,10788.45,10892.71,10892.71,33234.72968,33234.72968
12/08/2019,11539.08,11539.08,11577.89,11577.89,11235.32,11235.32,11396.08,11396.08,17568.22708,17568.22708
11/08/2019,11309.24,11309.24,11600,11600,11112.11,11112.11,11549.97,11549.97,26772.90691,26772.90691
10/08/2019,11879.98,11879.98,11985,11985,11270,11270,11309.31,11309.31,42633.08705,42633.08705
09/08/2019,11994.17,11994.17,12045.68,12045.68,11700,11700,11879.99,11879.99,39427.15259,39427.15259
08/08/2019,11975.04,11975.04,12060,12060,11521,11521,11999.77,11999.77,51207.25717,51207.25717
07/08/2019,11481.69,11481.69,12141.17,12141.17,11382.84,11382.84,11975.03,11975.03,69173.39035,69173.39035
06/08/2019,11830,11830,12330.7,12330.7,11226.7,11226.7,11481.69,11481.69,76705.38988,76705.38988
05/08/2019,10929.99,10929.99,11937.52,11937.52,10927.8,10927.8,11828.8,11828.8,65153.67371,65153.67371
04/08/2019,10816.86,10816.86,11040,11040,10552,10552,10929.23,10929.23,39924.74514,39924.74514
03/08/2019,10523.75,10523.75,10904.77,10904.77,10497.93,10497.93,10816.86,10816.86,33802.31882,33802.31882
02/08/2019,10375,10375,10670,10670,10281.35,10281.35,10523.75,10523.75,42990.44422,42990.44422
01/08/2019,10080.53,10080.53,10467.86,10467.86,9863.46,9863.46,10374.99,10374.99,41727.63703,41727.63703
31/07/2019,9575,9575,10109.8,10109.8,9555,9555,10080.53,10080.53,39515.35456,39515.35456
30/07/2019,9509.07,9509.07,9714.28,9714.28,9402,9402,9574.21,9574.21,32536.36883,32536.36883
29/07/2019,9541.54,9541.54,9729,9729,9395,9395,9507.64,9507.64,29021.93741,29021.93741
28/07/2019,9478.92,9478.92,9594.99,9594.99,9165,9165,9541.54,9541.54,29401.02294,29401.02294
27/07/2019,9824,9824,10188.66,10188.66,9333,9333,9476.52,9476.52,43809.7783,43809.7783
26/07/2019,9882.15,9882.15,9889.98,9889.98,9637,9637,9824,9824,27167.46322,27167.46322
25/07/2019,9763.4,9763.4,10175,10175,9720.03,9720.03,9879.87,9879.87,37873.35473,37873.35473
24/07/2019,9864.78,9864.78,9937,9937,9525,9525,9763.28,9763.28,43475.38038,43475.38038
23/07/2019,10343.08,10343.08,10343.97,10343.97,9822,9822,9864.91,9864.91,47624.37071,47624.37071
22/07/2019,10590.15,10590.15,10683.16,10683.16,10100,10100,10340.31,10340.31,40467.95484,40467.95484
21/07/2019,10740.27,10740.27,10817.9,10817.9,10288,10288,10589.45,10589.45,38834.28794,38834.28794
20/07/2019,10505.78,10505.78,11068.99,11068.99,10350,10350,10740.23,10740.23,47331.89985,47331.89985
19/07/2019,10628.64,10628.64,10769.71,10769.71,10121.84,10121.84,10504.29,10504.29,56546.93213,56546.93213
18/07/2019,9668.86,9668.86,10788,10788,9252,9252,10627.16,10627.16,80283.31025,80283.31025
17/07/2019,9430.17,9430.17,9957,9957,9060,9060,9667.92,9667.92,84942.67272,84942.67272
16/07/2019,10833.78,10833.78,11028,11028,9350.01,9350.01,9439.59,9439.59,97219.44341,97219.44341
15/07/2019,10174.18,10174.18,11100,11100,9860,9860,10838.72,10838.72,81922.42633,81922.42633
14/07/2019,11355.78,11355.78,11452,11452,10103,10103,10174.18,10174.18,72517.57924,72517.57924
13/07/2019,11757.22,11757.22,11799.98,11799.98,10830,10830,11355.76,11355.76,54245.59455,54245.59455
12/07/2019,11342.88,11342.88,11885,11885,11073,11073,11757.22,11757.22,56321.85828,56321.85828
11/07/2019,12108.11,12108.11,12111.73,12111.73,11000,11000,11342.89,11342.89,87506.46106,87506.46106
10/07/2019,12548.51,12548.51,13147.08,13147.08,11569,11569,12108.37,12108.37,109246.045,109246.045
09/07/2019,12238.6,12238.6,12794.73,12794.73,12068,12068,12543.41,12543.41,78442.13034,78442.13034
08/07/2019,11410,11410,12338.03,12338.03,11220,11220,12238.6,12238.6,52182.36722,52182.36722
07/07/2019,11256.45,11256.45,11538,11538,11094.37,11094.37,11406.24,11406.24,38884.7956,38884.7956
06/07/2019,10982.41,10982.41,11665,11665,10964.51,10964.51,11256.49,11256.49,51469.49633,51469.49633
05/07/2019,11145.67,11145.67,11406.83,11406.83,10796.44,10796.44,10970.73,10970.73,63534.35058,63534.35058
04/07/2019,11940,11940,12000,12000,11055,11055,11145.67,11145.67,66512.22189,66512.22189
03/07/2019,10844.98,10844.98,11991.89,11991.89,10841.04,10841.04,11940,11940,96815.90029,96815.90029
02/07/2019,10624.9,10624.9,10938.75,10938.75,9727,9727,10842.85,10842.85,109561.0387,109561.0387
01/07/2019,10854.1,10854.1,11282.28,11282.28,10030,10030,10624.93,10624.93,90962.26827,90962.26827
30/06/2019,11903.13,11903.13,12180,12180,10766.03,10766.03,10854.1,10854.1,84512.53044,84512.53044
29/06/2019,12407.06,12407.06,12441.54,12441.54,11475.02,11475.02,11903.13,11903.13,69642.07416,69642.07416
28/06/2019,11329.99,11329.99,12480,12480,10982.88,10982.88,12400.63,12400.63,95795.20396,95795.20396
27/06/2019,13098.38,13098.38,13478.04,13478.04,10525.1,10525.1,11329.99,11329.99,173894.8209,173894.8209
26/06/2019,11821.28,11821.28,13970,13970,11741,11741,13093.8,13093.8,155930.1474,155930.1474
25/06/2019,11056.59,11056.59,11850,11850,11026,11026,11820.86,11820.86,61276.68665,61276.68665
24/06/2019,10905.95,10905.95,11143.63,11143.63,10620.8,10620.8,11056.59,11056.59,43101.04529,43101.04529
23/06/2019,10729,10729,11392.64,11392.64,10555.18,10555.18,10906.07,10906.07,57445.32395,57445.32395
22/06/2019,10159.86,10159.86,11160,11160,9921.72,9921.72,10729.5,10729.5,104169.448,104169.448
21/06/2019,9518.06,9518.06,10174.99,10174.99,9518.06,9518.06,10159.86,10159.86,50484.41589,50484.41589
20/06/2019,9253.76,9253.76,9590,9590,9175.2,9175.2,9517.12,9517.12,34556.05398,34556.05398
19/06/2019,9081.97,9081.97,9304,9304,8960,8960,9255.49,9255.49,32147.7065,32147.7065
18/06/2019,9312.13,9312.13,9336.36,9336.36,8950,8950,9081.55,9081.55,51554.5694,51554.5694
17/06/2019,8953,8953,9444,9444,8950,8950,9313.96,9313.96,47895.48537,47895.48537
16/06/2019,8810.77,8810.77,9333,9333,8760,8760,8953.33,8953.33,63289.25122,63289.25122
15/06/2019,8650.88,8650.88,8864.99,8864.99,8567.63,8567.63,8808.7,8808.7,31791.63604,31791.63604
14/06/2019,8216.44,8216.44,8684.41,8684.41,8144.32,8144.32,8650,8650,39835.24626,39835.24626
13/06/2019,8127.64,8127.64,8309.82,8309.82,8010.03,8010.03,8218.54,8218.54,30467.76434,30467.76434
12/06/2019,7884.9,7884.9,8200,8200,7788.99,7788.99,8127.64,8127.64,41597.08262,41597.08262
11/06/2019,7981,7981,8010,8010,7692.23,7692.23,7884.9,7884.9,30334.99943,30334.99943
10/06/2019,7627.57,7627.57,8020,8020,7511,7511,7982.75,7982.75,36756.07847,36756.07847
09/06/2019,7895.28,7895.28,7935,7935,7506.66,7506.66,7628.13,7628.13,31568.46516,31568.46516
08/06/2019,7978.94,7978.94,8044.65,8044.65,7751,7751,7893.62,7893.62,22657.32963,22657.32963
07/06/2019,7787.57,7787.57,8100,8100,7737.49,7737.49,7980.53,7980.53,33942.22566,33942.22566
06/06/2019,7778.08,7778.08,7868.13,7868.13,7444.58,7444.58,7786.7,7786.7,36624.11875,36624.11875
05/06/2019,7687.04,7687.04,7896.7,7896.7,7572.78,7572.78,7776.5,7776.5,48679.65646,48679.65646
04/06/2019,8115.66,8115.66,8115.66,8115.66,7481.02,7481.02,7687.03,7687.03,74143.94894,74143.94894
03/06/2019,8726,8726,8800.95,8800.95,8080.8,8080.8,8115.82,8115.82,45692.9651,45692.9651
02/06/2019,8545.1,8545.1,8814.78,8814.78,8524,8524,8725.98,8725.98,27835.13327,27835.13327
01/06/2019,8555,8555,8626,8626,8442.36,8442.36,8544.07,8544.07,31868.23416,31868.23416
31/05/2019,8267.1,8267.1,8594,8594,8108.5,8108.5,8555,8555,44727.49162,44727.49162
30/05/2019,8646.5,8646.5,9074.26,9074.26,8005,8005,8269.54,8269.54,70379.99852,70379.99852
29/05/2019,8716.87,8716.87,8750,8750,8406.6,8406.6,8645.68,8645.68,33880.86592,33880.86592
28/05/2019,8752.52,8752.52,8798.49,8798.49,8510.63,8510.63,8715.64,8715.64,31470.55153,31470.55153
27/05/2019,8612.54,8612.54,8908.32,8908.32,8589,8589,8756.32,8756.32,51886.76879,51886.76879
26/05/2019,8023,8023,8740,8740,7833.42,7833.42,8614.43,8614.43,49652.14457,49652.14457
25/05/2019,7964.52,7964.52,8091.8,8091.8,7908.34,7908.34,8025.41,8025.41,28414.32882,28414.32882
24/05/2019,7849.95,7849.95,8130,8130,7766,7766,7964.87,7964.87,46664.78533,46664.78533
23/05/2019,7627.8,7627.8,7940.98,7940.98,7461,7461,7851.51,7851.51,49648.1847,49648.1847
22/05/2019,7904.48,7904.48,8016,8016,7465,7465,7628.43,7628.43,49136.99459,49136.99459
21/05/2019,7937.16,7937.16,8042.32,8042.32,7771,7771,7904.87,7904.87,52301.75225,52301.75225
20/05/2019,8147.94,8147.94,8156.03,8156.03,7553,7553,7938.15,7938.15,65859.20856,65859.20856
19/05/2019,7257.32,7257.32,8275.09,8275.09,7243.08,7243.08,8148.48,8148.48,65577.44206,65577.44206
18/05/2019,7355.28,7355.28,7458,7458,7156.61,7156.61,7257.45,7257.45,37054.94478,37054.94478
17/05/2019,7868.67,7868.67,7925,7925,6913,6913,7355.26,7355.26,88752.00816,88752.00816
16/05/2019,8169.08,8169.08,8320,8320,7705,7705,7866.59,7866.59,69630.514,69630.514
15/05/2019,7945.26,7945.26,8249,8249,7850,7850,8169.87,8169.87,37884.32721,37884.32721
14/05/2019,7795.62,7795.62,8366,8366,7599.56,7599.56,7947.56,7947.56,76583.7226,76583.7226
13/05/2019,6968.24,6968.24,8100,8100,6870,6870,7790.71,7790.71,85804.73533,85804.73533
12/05/2019,7076.24,7076.24,7521.78,7521.78,6750,6750,6967.31,6967.31,86948.97534,86948.97534
11/05/2019,6375.16,6375.16,7343.99,7343.99,6372.85,6372.85,7076.22,7076.22,74022.42439,74022.42439
10/05/2019,6209.95,6209.95,6468.92,6468.92,6172,6172,6373.33,6373.33,36623.61079,36623.61079
09/05/2019,5986.66,5986.66,6224.55,6224.55,5983.71,5983.71,6209.18,6209.18,27453.01144,27453.01144
08/05/2019,5846.34,5846.34,6014.72,6014.72,5772.2,5772.2,5987.29,5987.29,23074.05152,23074.05152
07/05/2019,5749.92,5749.92,6028.41,6028.41,5747.74,5747.74,5846.34,5846.34,39905.06442,39905.06442
06/05/2019,5773.18,5773.18,5805,5805,5619.14,5619.14,5747.79,5747.79,25256.59633,25256.59633
05/05/2019,5829.83,5829.83,5839.9,5839.9,5696,5696,5775.62,5775.62,23822.54378,23822.54378
04/05/2019,5770.62,5770.62,5900,5900,5587.45,5587.45,5829.45,5829.45,39682.40899,39682.40899
03/05/2019,5494.81,5494.81,5844,5844,5477.57,5477.57,5772.69,5772.69,46297.17285,46297.17285
02/05/2019,5383.2,5383.2,5538,5538,5370,5370,5492.87,5492.87,22795.78784,22795.78784
01/05/2019,5321.94,5321.94,5402,5402,5316.2,5316.2,5383.2,5383.2,17217.47322,17217.47322
30/04/2019,5238.14,5238.14,5339.98,5339.98,5192.15,5192.15,5320.81,5320.81,22238.06823,22238.06823
29/04/2019,5309.81,5309.81,5332,5332,5178.8,5178.8,5238.14,5238.14,19918.13508,19918.13508
28/04/2019,5295.69,5295.69,5340,5340,5259.48,5259.48,5307.52,5307.52,14371.43387,14371.43387
27/04/2019,5315,5315,5342.5,5342.5,5257.67,5257.67,5295.69,5295.69,15422.89694,15422.89694
26/04/2019,5220.47,5220.47,5510,5510,5161.62,5161.62,5314.1,5314.1,48912.29451,48912.29451
25/04/2019,5415,5415,5491.84,5491.84,5102,5102,5219.9,5219.9,49636.08995,49636.08995
24/04/2019,5490.91,5490.91,5582.2,5582.2,5333.35,5333.35,5415,5415,48224.15241,48224.15241
23/04/2019,5357.14,5357.14,5600,5600,5332.41,5332.41,5493.31,5493.31,41262.10392,41262.10392
22/04/2019,5257.41,5257.41,5400,5400,5208.35,5208.35,5357.14,5357.14,29563.85231,29563.85231
21/04/2019,5292.91,5292.91,5314.35,5314.35,5165,5165,5256.14,5256.14,25549.57094,25549.57094
20/04/2019,5258.68,5258.68,5333.42,5333.42,5230.1,5230.1,5291.73,5291.73,19168.90827,19168.90827
19/04/2019,5258.44,5258.44,5320,5320,5175,5175,5258.68,5258.68,24611.23632,24611.23632
18/04/2019,5202.41,5202.41,5287,5287,5198.8,5198.8,5258.44,5258.44,22619.239,22619.239
17/04/2019,5173.72,5173.72,5230.4,5230.4,5146.8,5146.8,5202.82,5202.82,23307.53613,23307.53613
16/04/2019,5024.95,5024.95,5197.72,5197.72,5003.94,5003.94,5173.72,5173.72,24242.22949,24242.22949
15/04/2019,5131.28,5131.28,5167.38,5167.38,4950,4950,5024.95,5024.95,29057.19158,29057.19158
14/04/2019,5047.45,5047.45,5152.99,5152.99,5000,5000,5131.3,5131.3,18281.60774,18281.60774
13/04/2019,5047,5047,5099,5099,5004,5004,5045.22,5045.22,17292.4568,17292.4568
12/04/2019,5017.37,5017.37,5080.58,5080.58,4861.22,4861.22,5048.01,5048.01,33276.67861,33276.67861
11/04/2019,5307.86,5307.86,5332.67,5332.67,4927,4927,5017.37,5017.37,54696.60069,54696.60069
10/04/2019,5150,5150,5422,5422,5135,5135,5308.25,5308.25,40073.62047,40073.62047
09/04/2019,5238.38,5238.38,5238.4,5238.4,5076.68,5076.68,5150,5150,34067.01231,34067.01231
08/04/2019,5170.27,5170.27,5305,5305,5039,5039,5236.9,5236.9,50178.43078,50178.43078
07/04/2019,5042.07,5042.07,5234,5234,5026,5026,5170.27,5170.27,37615.4868,37615.4868
06/04/2019,5004.96,5004.96,5205,5205,4928.59,4928.59,5043.89,5043.89,41770.84231,41770.84231
05/04/2019,4898.64,4898.64,5028.22,5028.22,4880.62,4880.62,5004.95,5004.95,39768.55281,39768.55281
04/04/2019,4932.59,4932.59,5039.08,5039.08,4777,4777,4898.66,4898.66,61054.25417,61054.25417
03/04/2019,4857.19,4857.19,5275.01,5275.01,4753.5,4753.5,4932.6,4932.6,109890.1257,109890.1257
02/04/2019,4144.54,4144.54,4897.99,4897.99,4140.54,4140.54,4857.29,4857.29,105383.6393,105383.6393
01/04/2019,4102.44,4102.44,4158.7,4158.7,4067,4067,4144.56,4144.56,25507.06764,25507.06764
31/03/2019,4106.99,4106.99,4116.12,4116.12,4082.57,4082.57,4103.95,4103.95,13525.08743,13525.08743
30/03/2019,4104.24,4104.24,4140,4140,4052,4052,4106.97,4106.97,19509.2926,19509.2926
29/03/2019,4028.22,4028.22,4123.71,4123.71,4024.03,4024.03,4103.25,4103.25,30084.21744,30084.21744
28/03/2019,4039.58,4039.58,4039.7,4039.7,4002,4002,4027.81,4027.81,20089.29388,20089.29388
27/03/2019,3948.77,3948.77,4048,4048,3936.15,3936.15,4038.05,4038.05,32364.55585,32364.55585
26/03/2019,3935.47,3935.47,3958.98,3958.98,3894,3894,3948.55,3948.55,29349.53763,29349.53763
25/03/2019,3991.35,3991.35,3999.3,3999.3,3888.71,3888.71,3936.12,3936.12,33192.89022,33192.89022
24/03/2019,4006.01,4006.01,4006.02,4006.02,3950,3950,3992.18,3992.18,17179.85065,17179.85065
23/03/2019,3987.89,3987.89,4018.83,4018.83,3978.01,3978.01,4006.01,4006.01,17302.60432,17302.60432
22/03/2019,3980.85,3980.85,4008,4008,3968.25,3968.25,3986.93,3986.93,20022.60632,20022.60632
21/03/2019,4043.04,4043.04,4069.32,4069.32,3880.01,3880.01,3980.64,3980.64,35997.68212,35997.68212
20/03/2019,4017.48,4017.48,4050,4050,3980.5,3980.5,4043.04,4043.04,23432.30026,23432.30026
19/03/2019,3987.83,3987.83,4031,4031,3970,3970,4015.53,4015.53,19893.74182,19893.74182
18/03/2019,3981.85,3981.85,4037,4037,3953.33,3953.33,3987.81,3987.81,22454.47801,22454.47801
17/03/2019,4005.98,4005.98,4012,4012,3950.01,3950.01,3981.14,3981.14,18814.25558,18814.25558
16/03/2019,3924.46,3924.46,4056.98,4056.98,3921.98,3921.98,4005.98,4005.98,28568.37612,28568.37612
15/03/2019,3877.12,3877.12,3939.22,3939.22,3872.2,3872.2,3923.76,3923.76,21740.0615,21740.0615
14/03/2019,3866,3866,3920,3920,3810.43,3810.43,3877.12,3877.12,27048.74853,27048.74853
13/03/2019,3882.69,3882.69,3893.56,3893.56,3840,3840,3866,3866,24461.00876,24461.00876
12/03/2019,3871.61,3871.61,3905.2,3905.2,3826.06,3826.06,3882.73,3882.73,26921.00862,26921.00862
11/03/2019,3915.99,3915.99,3936.98,3936.98,3830,3830,3871.61,3871.61,38066.88571,38066.88571
10/03/2019,3943.43,3943.43,3943.43,3943.43,3881.69,3881.69,3916.82,3916.82,23187.56141,23187.56141
09/03/2019,3864.88,3864.88,3971.75,3971.75,3854.75,3854.75,3943.04,3943.04,30979.74765,30979.74765
08/03/2019,3873.63,3873.63,3932,3932,3800,3800,3864.89,3864.89,34730.36659,34730.36659
07/03/2019,3861.84,3861.84,3905.4,3905.4,3840.4,3840.4,3873.64,3873.64,26455.25766,26455.25766
06/03/2019,3857.58,3857.58,3907,3907,3813.09,3813.09,3861.84,3861.84,24775.11883,24775.11883
05/03/2019,3716.1,3716.1,3877.1,3877.1,3703.55,3703.55,3857.73,3857.73,32962.53616,32962.53616
04/03/2019,3807.32,3807.32,3830,3830,3670.69,3670.69,3715.3,3715.3,34742.84166,34742.84166
03/03/2019,3819.97,3819.97,3835,3835,3781.32,3781.32,3807.75,3807.75,16718.16541,16718.16541
02/03/2019,3822.17,3822.17,3841.31,3841.31,3772.25,3772.25,3819.93,3819.93,19445.83836,19445.83836
01/03/2019,3814.26,3814.26,3857,3857,3813.01,3813.01,3823,3823,23174.57217,23174.57217
28/02/2019,3818.04,3818.04,3888,3888,3763.87,3763.87,3813.69,3813.69,32561.96104,32561.96104
27/02/2019,3809.31,3809.31,3838.85,3838.85,3677.17,3677.17,3818.07,3818.07,31500.99547,31500.99547
26/02/2019,3828.44,3828.44,3841.51,3841.51,3777,3777,3809.23,3809.23,28838.74804,28838.74804
25/02/2019,3743.56,3743.56,3872.66,3872.66,3740,3740,3827.92,3827.92,38102.96625,38102.96625
24/02/2019,4118,4118,4198,4198,3712.66,3712.66,3743.56,3743.56,62224.18689,62224.18689
23/02/2019,3962,3962,4162.02,4162.02,3933.15,3933.15,4117.76,4117.76,33657.94288,33657.94288
22/02/2019,3937.31,3937.31,3988,3988,3926.65,3926.65,3962,3962,23943.16375,23943.16375
21/02/2019,3969.74,3969.74,4016.48,4016.48,3901.03,3901.03,3937.31,3937.31,31103.88473,31103.88473
20/02/2019,3907.35,3907.35,3986.98,3986.98,3870.66,3870.66,3969.74,3969.74,36205.14085,36205.14085
19/02/2019,3897.35,3897.35,3994.52,3994.52,3856,3856,3907.79,3907.79,50207.17267,50207.17267
18/02/2019,3667.62,3667.62,3925,3925,3655,3655,3898.6,3898.6,64042.73049,64042.73049
17/02/2019,3617.22,3617.22,3700.11,3700.11,3604.4,3604.4,3667.58,3667.58,25690.22778,25690.22778
16/02/2019,3602.49,3602.49,3648.2,3648.2,3597.91,3597.91,3618.41,3618.41,19565.99275,19565.99275
15/02/2019,3590.57,3590.57,3653.23,3653.23,3573.45,3573.45,3602.47,3602.47,20777.8729,20777.8729
14/02/2019,3608.34,3608.34,3626.4,3626.4,3568.11,3568.11,3590.56,3590.56,21753.50126,21753.50126
13/02/2019,3631.51,3631.51,3670,3670,3591.75,3591.75,3609.4,3609.4,25773.99765,25773.99765
12/02/2019,3631.05,3631.05,3667.6,3667.6,3582.34,3582.34,3631.46,3631.46,29479.59823,29479.59823
11/02/2019,3679.75,3679.75,3684.9,3684.9,3615.53,3615.53,3631.05,3631.05,24954.61457,24954.61457
10/02/2019,3665.18,3665.18,3684.99,3684.99,3609.76,3609.76,3680.06,3680.06,23250.60263,23250.60263
09/02/2019,3660.27,3660.27,3680.02,3680.02,3625.13,3625.13,3665.18,3665.18,24759.83372,24759.83372
08/02/2019,3398.4,3398.4,3733.58,3733.58,3373.1,3373.1,3659.04,3659.04,47968.05801,47968.05801
07/02/2019,3407,3407,3426.45,3426.45,3390,3390,3398.4,3398.4,18665.53864,18665.53864
06/02/2019,3471.57,3471.57,3482.72,3482.72,3380,3380,3405.37,3405.37,35310.24485,35310.24485
05/02/2019,3463.22,3463.22,3478.97,3478.97,3448.43,3448.43,3471.59,3471.59,25264.41503,25264.41503
04/02/2019,3458.11,3458.11,3484.88,3484.88,3433.31,3433.31,3463.22,3463.22,23131.98111,23131.98111
03/02/2019,3504.06,3504.06,3511.09,3511.09,3426,3426,3458.11,3458.11,19867.33639,19867.33639
02/02/2019,3462.2,3462.2,3526.4,3526.4,3440.29,3440.29,3504.77,3504.77,17920.802,17920.802
01/02/2019,3434.1,3434.1,3488,3488,3401.2,3401.2,3462.07,3462.07,25260.47616,25260.47616
31/01/2019,3457.5,3457.5,3489.2,3489.2,3418.8,3418.8,3434.1,3434.1,29607.19025,29607.19025
30/01/2019,3410.04,3410.04,3478,3478,3387.1,3387.1,3458.18,3458.18,23968.26024,23968.26024
29/01/2019,3434,3434,3443.45,3443.45,3349.92,3349.92,3411.04,3411.04,29544.92898,29544.92898
28/01/2019,3550.05,3550.05,3557.75,3557.75,3380.27,3380.27,3434.15,3434.15,40405.1114,40405.1114
27/01/2019,3565.62,3565.62,3579,3579,3486,3486,3550.84,3550.84,22735.59816,22735.59816
26/01/2019,3566.69,3566.69,3662.94,3662.94,3545,3545,3565.25,3565.25,19476.53234,19476.53234
25/01/2019,3569.07,3569.07,3587.15,3587.15,3522.51,3522.51,3565.29,3565.29,17608.34667,17608.34667
24/01/2019,3552.97,3552.97,3589,3589,3529.22,3529.22,3569.62,3569.62,20826.25118,20826.25118
23/01/2019,3570.41,3570.41,3607.98,3607.98,3514.5,3514.5,3552.82,3552.82,24938.8427,24938.8427
22/01/2019,3526.88,3526.88,3608.5,3608.5,3434.85,3434.85,3570.93,3570.93,29336.44297,29336.44297
21/01/2019,3539.26,3539.26,3559.51,3559.51,3475.5,3475.5,3526.9,3526.9,19644.43684,19644.43684
20/01/2019,3665.75,3665.75,3693.73,3693.73,3475,3475,3539.28,3539.28,27901.9386,27901.9386
19/01/2019,3594.87,3594.87,3720,3720,3594.23,3594.23,3665.3,3665.3,22171.57812,22171.57812
18/01/2019,3613.32,3613.32,3620,3620,3565.75,3565.75,3594.87,3594.87,22713.44676,22713.44676
17/01/2019,3591.84,3591.84,3634.7,3634.7,3530.39,3530.39,3616.21,3616.21,29755.44084,29755.44084
16/01/2019,3553.06,3553.06,3645,3645,3543.51,3543.51,3591.84,3591.84,27480.17998,27480.17998
15/01/2019,3626.08,3626.08,3648.42,3648.42,3516.62,3516.62,3553.06,3553.06,34137.99746,34137.99746
14/01/2019,3477.56,3477.56,3671.87,3671.87,3467.02,3467.02,3626.09,3626.09,35235.21122,35235.21122
13/01/2019,3584.1,3584.1,3611.1,3611.1,3441.3,3441.3,3476.81,3476.81,26385.75745,26385.75745
12/01/2019,3601.31,3601.31,3618.19,3618.19,3530,3530,3583.13,3583.13,21999.92835,21999.92835
11/01/2019,3585.88,3585.88,3658,3658,3465,3465,3601.31,3601.31,38338.65473,38338.65473
10/01/2019,3966.06,3966.06,3996.01,3996.01,3540,3540,3585.88,3585.88,59402.22851,59402.22851
09/01/2019,3955.45,3955.45,4006.81,4006.81,3930.04,3930.04,3966.65,3966.65,28989.43951,28989.43951
08/01/2019,3976.76,3976.76,4069.8,4069.8,3903,3903,3955.13,3955.13,38901.42312,38901.42312
07/01/2019,3987.62,3987.62,4017.9,4017.9,3921.53,3921.53,3975.45,3975.45,31869.84626,31869.84626
06/01/2019,3771.12,3771.12,4027.71,4027.71,3740,3740,3987.6,3987.6,36553.80671,36553.80671
05/01/2019,3790.09,3790.09,3840.99,3840.99,3751,3751,3770.96,3770.96,30490.66775,30490.66775
04/01/2019,3767.2,3767.2,3823.64,3823.64,3703.57,3703.57,3792.01,3792.01,29519.55467,29519.55467
03/01/2019,3857.57,3857.57,3862.74,3862.74,3730,3730,3766.78,3766.78,29406.94836,29406.94836
02/01/2019,3796.45,3796.45,3882.14,3882.14,3750.45,3750.45,3858.56,3858.56,35156.46337,35156.46337
01/01/2019,3701.23,3701.23,3810.16,3810.16,3642,3642,3797.14,3797.14,23741.68703,23741.68703
31/12/2018,3803.12,3803.12,3810,3810,3630.33,3630.33,3702.9,3702.9,29991.77835,29991.77835
30/12/2018,3696.71,3696.71,3903.5,3903.5,3657.9,3657.9,3801.91,3801.91,33222.36926,33222.36926
29/12/2018,3839,3839,3892,3892,3670,3670,3695.32,3695.32,38874.3739,38874.3739
28/12/2018,3567.89,3567.89,3887.25,3887.25,3540.04,3540.04,3839.26,3839.26,45964.30499,45964.30499
27/12/2018,3777.74,3777.74,3813.98,3813.98,3535,3535,3567.91,3567.91,44097.39291,44097.39291
26/12/2018,3745.56,3745.56,3837.15,3837.15,3656.74,3656.74,3777.74,3777.74,42629.37582,42629.37582
25/12/2018,4010.11,4010.11,4020,4020,3646.41,3646.41,3745.79,3745.79,62725.62943,62725.62943
24/12/2018,3929.71,3929.71,4198,4198,3924.83,3924.83,4008.01,4008.01,64647.80913,64647.80913
23/12/2018,3948.91,3948.91,4021.53,4021.53,3870,3870,3929.71,3929.71,40117.53153,40117.53153
22/12/2018,3840.25,3840.25,3979,3979,3785,3785,3948.91,3948.91,42822.35087,42822.35087
21/12/2018,4051.86,4051.86,4139.99,4139.99,3764,3764,3838.66,3838.66,82343.85011,82343.85011
20/12/2018,3660.01,3660.01,4120,4120,3635,3635,4049.62,4049.62,101543.836,101543.836
19/12/2018,3653,3653,3912.73,3912.73,3622.55,3622.55,3662.22,3662.22,94137.34101,94137.34101
18/12/2018,3509.03,3509.03,3678.59,3678.59,3424.47,3424.47,3652.98,3652.98,61369.61526,61369.61526
17/12/2018,3229.22,3229.22,3585,3585,3216,3216,3509.08,3509.08,66761.7517,66761.7517
16/12/2018,3211.71,3211.71,3294,3294,3186,3186,3228.67,3228.67,24628.80854,24628.80854
15/12/2018,3225.19,3225.19,3276.5,3276.5,3156.26,3156.26,3211.72,3211.72,29796.04144,29796.04144
14/12/2018,3302.06,3302.06,3335.39,3335.39,3177,3177,3224.17,3224.17,44492.98381,44492.98381
13/12/2018,3446.38,3446.38,3460,3460,3255.5,3255.5,3302.06,3302.06,40040.91701,40040.91701
12/12/2018,3379.23,3379.23,3492,3492,3350,3350,3445,3445,33922.93129,33922.93129
11/12/2018,3434.01,3434.01,3480,3480,3324.32,3324.32,3380.39,3380.39,35920.86415,35920.86415
10/12/2018,3548.49,3548.49,3610,3610,3370.11,3370.11,3432.88,3432.88,40989.24455,40989.24455
09/12/2018,3411.36,3411.36,3658,3658,3394.04,3394.04,3545.37,3545.37,45956.8933,45956.8933
08/12/2018,3403.57,3403.57,3495,3495,3222,3222,3410.93,3410.93,55365.94995,55365.94995
07/12/2018,3508.75,3508.75,3549.99,3549.99,3224.6,3224.6,3403.55,3403.55,95145.45744,95145.45744
06/12/2018,3768.44,3768.44,3899.99,3899.99,3500,3500,3508.75,3508.75,68378.79694,68378.79694
05/12/2018,3950.98,3950.98,3970,3970,3745,3745,3769.84,3769.84,44004.79945,44004.79945
04/12/2018,3884.76,3884.76,4085,4085,3781,3781,3951.64,3951.64,48489.55161,48489.55161
03/12/2018,4160.55,4160.55,4179,4179,3827,3827,3884.01,3884.01,49094.36916,49094.36916
02/12/2018,4190.98,4190.98,4312.99,4312.99,4103.04,4103.04,4161.01,4161.01,38912.15479,38912.15479
01/12/2018,4041.27,4041.27,4299.99,4299.99,3963.01,3963.01,4190.02,4190.02,44840.07348,44840.07348
30/11/2018,4295.72,4295.72,4341.36,4341.36,3943,3943,4041.32,4041.32,67758.44628,67758.44628
29/11/2018,4262.06,4262.06,4450.38,4450.38,4125.65,4125.65,4295.84,4295.84,73980.19867,73980.19867
28/11/2018,3875.63,3875.63,4394.47,4394.47,3874.27,3874.27,4264.85,4264.85,91983.56795,91983.56795
27/11/2018,3864.45,3864.45,3940,3940,3689.12,3689.12,3875.21,3875.21,67480.60721,67480.60721
26/11/2018,4088.69,4088.69,4206,4206,3701,3701,3862.2,3862.2,94503.75077,94503.75077
25/11/2018,3933.68,3933.68,4233,4233,3652.66,3652.66,4085.78,4085.78,101693.9756,101693.9756
24/11/2018,4415.63,4415.63,4527,4527,3824.69,3824.69,3932.44,3932.44,61693.11101,61693.11101
23/11/2018,4370.9,4370.9,4484,4484,4222.94,4222.94,4420.61,4420.61,49371.92032,49371.92032
22/11/2018,4661.08,4661.08,4721.77,4721.77,4335,4335,4370,4370,34531.11914,34531.11914
21/11/2018,4559.91,4559.91,4787.2,4787.2,4413.85,4413.85,4661.07,4661.07,61071.82948,61071.82948
20/11/2018,4913.4,4913.4,5048.24,5048.24,4326,4326,4558.86,4558.86,117380.9516,117380.9516
19/11/2018,5661.94,5661.94,5664,5664,4855,4855,4910.03,4910.03,70580.89286,70580.89286
18/11/2018,5630.49,5630.49,5738.17,5738.17,5617,5617,5662,5662,23844.99935,23844.99935
17/11/2018,5650.57,5650.57,5656.6,5656.6,5565.43,5565.43,5628.29,5628.29,26411.24141,26411.24141
16/11/2018,5757.09,5757.09,5782.89,5782.89,5549.25,5549.25,5655.94,5655.94,38721.80227,38721.80227
15/11/2018,5917.2,5917.2,5939.54,5939.54,5403.42,5403.42,5753.4,5753.4,47700.8294,47700.8294
14/11/2018,6458.98,6458.98,6482.84,6482.84,5656.87,5656.87,5922.41,5922.41,46478.964,46478.964
13/11/2018,6451.68,6451.68,6498,6498,6391.15,6391.15,6457.66,6457.66,11790.56493,11790.56493
12/11/2018,6450.71,6450.71,6497,6497,6421,6421,6453.07,6453.07,10132.78257,10132.78257
11/11/2018,6435.16,6435.16,6462.14,6462.14,6355,6355,6449.81,6449.81,8213.507117,8213.507117
10/11/2018,6419.99,6419.99,6475.55,6475.55,6411,6411,6433.05,6433.05,7714.829926,7714.829926
09/11/2018,6479.84,6479.84,6511.53,6511.53,6391.01,6391.01,6419.99,6419.99,11787.61658,11787.61658
08/11/2018,6578.46,6578.46,6594,6594,6468.22,6468.22,6479.84,6479.84,13259.78928,13259.78928
07/11/2018,6522.73,6522.73,6615.15,6615.15,6509,6509,6578.46,6578.46,14271.59112,14271.59112
06/11/2018,6468.99,6468.99,6531.31,6531.31,6445.18,6445.18,6519.11,6519.11,11926.5657,11926.5657
05/11/2018,6485.85,6485.85,6504.39,6504.39,6431.02,6431.02,6468.99,6468.99,8987.882156,8987.882156
04/11/2018,6388,6388,6525,6525,6359,6359,6485.85,6485.85,10592.39494,10592.39494
03/11/2018,6432.8,6432.8,6439.97,6439.97,6345,6345,6387.09,6387.09,7661.241476,7661.241476
02/11/2018,6410,6410,6460.34,6460.34,6388.2,6388.2,6433.98,6433.98,9739.440679,9739.440679
01/11/2018,6369.52,6369.52,6442.65,6442.65,6348.66,6348.66,6410,6410,9099.035841,9099.035841
31/10/2018,6330.01,6330.01,6428,6428,6245.02,6245.02,6371.93,6371.93,12148.88822,12148.88822
30/10/2018,6344.5,6344.5,6395,6395,6317.01,6317.01,6330.87,6330.87,8877.175385,8877.175385
29/10/2018,6489.93,6489.93,6505.01,6505.01,6315,6315,6344.5,6344.5,13827.22407,13827.22407
28/10/2018,6505.6,6505.6,6514.17,6514.17,6453,6453,6489.93,6489.93,5743.933728,5743.933728
27/10/2018,6538.63,6538.63,6558.35,6558.35,6463.04,6463.04,6505.6,6505.6,7776.907864,7776.907864
26/10/2018,6528.13,6528.13,6600,6600,6515.01,6515.01,6538.63,6538.63,9443.504156,9443.504156
25/10/2018,6566.81,6566.81,6575.09,6575.09,6502.8,6502.8,6528.09,6528.09,10342.70124,10342.70124
24/10/2018,6553.51,6553.51,6630,6630,6547.53,6547.53,6565.5,6565.5,11951.54398,11951.54398
23/10/2018,6581.2,6581.2,6595,6595,6515.45,6515.45,6553.51,6553.51,13856.60176,13856.60176
22/10/2018,6590.12,6590.12,6639,6639,6535.27,6535.27,6581.2,6581.2,16213.69266,16213.69266
21/10/2018,6585.72,6585.72,6663.9,6663.9,6580,6580,6590.11,6590.11,6515.357792,6515.357792
20/10/2018,6528.88,6528.88,6617.65,6617.65,6505.55,6505.55,6588.4,6588.4,19240.72225,19240.72225
19/10/2018,6618.96,6618.96,6648.14,6648.14,6523,6523,6528.88,6528.88,20772.60077,20772.60077
18/10/2018,6739.01,6739.01,6796,6796,6567,6567,6618.96,6618.96,20116.52194,20116.52194
17/10/2018,6762.76,6762.76,6811.12,6811.12,6676.01,6676.01,6740.89,6740.89,26641.43138,26641.43138
16/10/2018,6752.5,6752.5,6900,6900,6670,6670,6759.27,6759.27,27557.95776,27557.95776
15/10/2018,6339.34,6339.34,7680,7680,6300,6300,6752.5,6752.5,90748.03125,90748.03125
14/10/2018,6332.92,6332.92,6416,6416,6308,6308,6339.34,6339.34,15627.41131,15627.41131
13/10/2018,6298,6298,6345,6345,6285.07,6285.07,6332.93,6332.93,19098.07003,19098.07003
12/10/2018,6252.71,6252.71,6360,6360,6209,6209,6298.01,6298.01,29004.07142,29004.07142
11/10/2018,6630.21,6630.21,6633.92,6633.92,6205,6205,6252.68,6252.68,48712.40033,48712.40033
10/10/2018,6656.67,6656.67,6659.95,6659.95,6530,6530,6631,6631,15390.66144,15390.66144
09/10/2018,6673.01,6673.01,6685.38,6685.38,6607,6607,6656.61,6656.61,15354.77947,15354.77947
08/10/2018,6615.26,6615.26,6715.6,6715.6,6587,6587,6673.01,6673.01,23123.41954,23123.41954
07/10/2018,6596.44,6596.44,6640,6640,6525,6525,6615.26,6615.26,17406.83176,17406.83176
06/10/2018,6635.65,6635.65,6651,6651,6566.77,6566.77,6594.27,6594.27,10939.50539,10939.50539
05/10/2018,6591.69,6591.69,6697,6697,6543.08,6543.08,6635.65,6635.65,16096.55239,16096.55239
04/10/2018,6510.01,6510.01,6643.46,6643.46,6505.09,6505.09,6593.79,6593.79,20074.30082,20074.30082
03/10/2018,6525.79,6525.79,6549,6549,6430,6430,6510,6510,28451.96914,28451.96914
02/10/2018,6610,6610,6640,6640,6494,6494,6525.79,6525.79,28245.81009,28245.81009
01/10/2018,6626.57,6626.57,6667.09,6667.09,6510,6510,6611.61,6611.61,20621.50689,20621.50689
30/09/2018,6597.66,6597.66,6662,6662,6533,6533,6626.57,6626.57,27764.72452,27764.72452
29/09/2018,6634.58,6634.58,6636,6636,6464.57,6464.57,6596.38,6596.38,30255.9597,30255.9597
28/09/2018,6689.12,6689.12,6814.8,6814.8,6540.88,6540.88,6634.58,6634.58,42399.44852,42399.44852
27/09/2018,6467.84,6467.84,6750,6750,6434,6434,6689.13,6689.13,33087.4283,33087.4283
26/09/2018,6445.11,6445.11,6557.99,6557.99,6379.7,6379.7,6465.12,6465.12,33484.54207,33484.54207
25/09/2018,6581.42,6581.42,6584.01,6584.01,6325.02,6325.02,6447.54,6447.54,40301.02945,40301.02945
24/09/2018,6706.81,6706.81,6730,6730,6557,6557,6581.39,6581.39,35305.73991,35305.73991
23/09/2018,6723.05,6723.05,6788.23,6788.23,6661.75,6661.75,6708,6708,30286.22977,30286.22977
22/09/2018,6759.01,6759.01,6839.03,6839.03,6627,6627,6723.05,6723.05,29349.69067,29349.69067
21/09/2018,6492,6492,6784.86,6784.86,6491,6491,6759.02,6759.02,51779.34346,51779.34346
20/09/2018,6392,6392,6540,6540,6325,6325,6492,6492,25189.02473,25189.02473
19/09/2018,6336.39,6336.39,6517.7,6517.7,6123,6123,6391.89,6391.89,39044.08008,39044.08008
18/09/2018,6248.69,6248.69,6390,6390,6224.98,6224.98,6336.45,6336.45,32620.86667,32620.86667
17/09/2018,6500.08,6500.08,6533.84,6533.84,6201,6201,6248.69,6248.69,35987.25474,35987.25474
16/09/2018,6514.96,6514.96,6524.62,6524.62,6370,6370,6505,6505,27568.1329,27568.1329
15/09/2018,6476.63,6476.63,6565.45,6565.45,6466.13,6466.13,6514.96,6514.96,25243.65661,25243.65661
14/09/2018,6487.39,6487.39,6584.99,6584.99,6385.62,6385.62,6476.63,6476.63,37173.33928,37173.33928
13/09/2018,6338.62,6338.62,6535,6535,6337.4,6337.4,6487.38,6487.38,40465.06311,40465.06311
12/09/2018,6293,6293,6360,6360,6192.37,6192.37,6338.62,6338.62,31433.64594,31433.64594
11/09/2018,6311.99,6311.99,6404,6404,6169.68,6169.68,6294.91,6294.91,33104.88859,33104.88859
10/09/2018,6252.26,6252.26,6373.98,6373.98,6221,6221,6312,6312,32439.45643,32439.45643
09/09/2018,6185.06,6185.06,6441,6441,6141.53,6141.53,6250.81,6250.81,37053.92382,37053.92382
08/09/2018,6395.54,6395.54,6478,6478,6111,6111,6185.05,6185.05,38215.03217,38215.03217
07/09/2018,6516.84,6516.84,6544,6544,6320,6320,6395.54,6395.54,38906.28805,38906.28805
06/09/2018,6697.27,6697.27,6725,6725,6265,6265,6516.01,6516.01,60644.46423,60644.46423
05/09/2018,7359.05,7359.05,7397.3,7397.3,6682,6682,6700,6700,63715.25627,63715.25627
04/09/2018,7263,7263,7410,7410,7227.17,7227.17,7359.06,7359.06,35300.64052,35300.64052
03/09/2018,7302,7302,7338.28,7338.28,7191.63,7191.63,7263.02,7263.02,32396.01837,32396.01837
02/09/2018,7201.57,7201.57,7345.45,7345.45,7127,7127,7302.01,7302.01,39814.84035,39814.84035
01/09/2018,7011.21,7011.21,7275,7275,7008.74,7008.74,7200.01,7200.01,40323.41409,40323.41409
31/08/2018,6984.84,6984.84,7089,7089,6888,6888,7011.21,7011.21,40467.40064,40467.40064
30/08/2018,7033.21,7033.21,7063.63,7063.63,6784.81,6784.81,6984.84,6984.84,44716.77462,44716.77462
29/08/2018,7077,7077,7133.81,7133.81,6912.34,6912.34,7031.22,7031.22,43252.48739,43252.48739
28/08/2018,6907.26,6907.26,7135,7135,6860,6860,7076.11,7076.11,48352.91716,48352.91716
27/08/2018,6700,6700,6940.51,6940.51,6646.5,6646.5,6908.64,6908.64,37747.07875,37747.07875
26/08/2018,6733.64,6733.64,6775.27,6775.27,6568,6568,6700,6700,20107.29721,20107.29721
25/08/2018,6686.98,6686.98,6789,6789,6650.61,6650.61,6733.64,6733.64,19220.50593,19220.50593
24/08/2018,6525,6525,6725,6725,6440.5,6440.5,6681.64,6681.64,38305.67532,38305.67532
23/08/2018,6362.57,6362.57,6576.99,6576.99,6342.28,6342.28,6525.01,6525.01,40358.16683,40358.16683
22/08/2018,6479.98,6479.98,6882.54,6882.54,6251.2,6251.2,6360.89,6360.89,77909.39136,77909.39136
21/08/2018,6251,6251,6500,6500,6235.08,6235.08,6480,6480,41569.94741,41569.94741
20/08/2018,6477.53,6477.53,6530,6530,6220,6220,6254.84,6254.84,49435.55526,49435.55526
19/08/2018,6387.96,6387.96,6541,6541,6300,6300,6477.53,6477.53,45190.84799,45190.84799
18/08/2018,6579.04,6579.04,6620,6620,6288,6288,6387.96,6387.96,53742.32217,53742.32217
17/08/2018,6316,6316,6585,6585,6285.4,6285.4,6584.49,6584.49,57851.6108,57851.6108
16/08/2018,6265.27,6265.27,6480,6480,6205.6,6205.6,6311.75,6311.75,48515.25462,48515.25462
15/08/2018,6188.08,6188.08,6609,6609,6172.11,6172.11,6267.16,6267.16,68806.68703,68806.68703
14/08/2018,6248.25,6248.25,6250.33,6250.33,5880,5880,6188.08,6188.08,50186.74509,50186.74509
13/08/2018,6308.56,6308.56,6545,6545,6145.04,6145.04,6246.35,6246.35,53895.82878,53895.82878
12/08/2018,6222.55,6222.55,6472.3,6472.3,6130,6130,6308.33,6308.33,38567.77071,38567.77071
11/08/2018,6148.13,6148.13,6488,6488,5971,5971,6232.35,6232.35,47133.41856,47133.41856
10/08/2018,6529.79,6529.79,6575.88,6575.88,6026.39,6026.39,6144.01,6144.01,59034.9749,59034.9749
09/08/2018,6283.27,6283.27,6622.81,6622.81,6178.6,6178.6,6529.79,6529.79,51941.18511,51941.18511
08/08/2018,6720.63,6720.63,6721.54,6721.54,6123,6123,6285,6285,59550.53632,59550.53632
07/08/2018,6935,6935,7150.46,7150.46,6670,6670,6720.06,6720.06,45438.4735,45438.4735
06/08/2018,7024.19,7024.19,7160,7160,6821,6821,6934.82,6934.82,32760.19164,32760.19164
05/08/2018,7009.84,7009.84,7089.87,7089.87,6882.29,6882.29,7024.19,7024.19,32894.84978,32894.84978
04/08/2018,7412.27,7412.27,7494.81,7494.81,6926,6926,7009.84,7009.84,36288.42601,36288.42601
03/08/2018,7525.71,7525.71,7540,7540,7282.44,7282.44,7418.78,7418.78,44669.48605,44669.48605
02/08/2018,7600.08,7600.08,7709.46,7709.46,7455.72,7455.72,7525.71,7525.71,37665.69668,37665.69668
01/08/2018,7735.67,7735.67,7750,7750,7430,7430,7604.58,7604.58,42582.31293,42582.31293
31/07/2018,8171.4,8171.4,8180,8180,7633,7633,7730.93,7730.93,48296.91559,48296.91559
30/07/2018,8210.99,8210.99,8273,8273,7866,7866,8173.92,8173.92,39692.41654,39692.41654
29/07/2018,8225.04,8225.04,8294.51,8294.51,8115,8115,8211,8211,25531.22619,25531.22619
28/07/2018,8188.57,8188.57,8246.54,8246.54,8067,8067,8225.04,8225.04,26215.17384,26215.17384
27/07/2018,7920,7920,8285,8285,7805,7805,8188.57,8188.57,43671.00589,43671.00589
26/07/2018,8175.63,8175.63,8315.69,8315.69,7850.06,7850.06,7920,7920,43223.48168,43223.48168
25/07/2018,8397.24,8397.24,8491.77,8491.77,8050,8050,8175.64,8175.64,48257.64912,48257.64912
24/07/2018,7721.65,7721.65,8486,8486,7696,7696,8397.24,8397.24,60121.16375,60121.16375
23/07/2018,7394.78,7394.78,7833,7833,7375,7375,7721.01,7721.01,41646.34667,41646.34667
22/07/2018,7399.25,7399.25,7582.4,7582.4,7335.5,7335.5,7394.79,7394.79,30270.21844,30270.21844
21/07/2018,7337.47,7337.47,7458.47,7458.47,7211,7211,7398.78,7398.78,28886.49029,28886.49029
20/07/2018,7468.86,7468.86,7700,7700,7273,7273,7337.53,7337.53,46140.31345,46140.31345
19/07/2018,7381.88,7381.88,7576.28,7576.28,7270,7270,7466.21,7466.21,41218.25644,41218.25644
18/07/2018,7317.44,7317.44,7588.08,7588.08,7225.38,7225.38,7381.9,7381.9,59487.64345,59487.64345
17/07/2018,6723.33,6723.33,7468.99,7468.99,6652.04,6652.04,7317.44,7317.44,52105.42346,52105.42346
16/07/2018,6354.15,6354.15,6747.3,6747.3,6330.4,6330.4,6723.35,6723.35,36204.87708,36204.87708
15/07/2018,6250.9,6250.9,6395,6395,6225.4,6225.4,6353.01,6353.01,22979.21151,22979.21151
14/07/2018,6214.57,6214.57,6335,6335,6178,6178,6251.99,6251.99,17783.072,17783.072
13/07/2018,6251.4,6251.4,6350,6350,6110,6110,6214.57,6214.57,26375.32529,26375.32529
12/07/2018,6378.07,6378.07,6380.28,6380.28,6070,6070,6250.57,6250.57,31306.66335,31306.66335
11/07/2018,6296.91,6296.91,6406,6406,6278.99,6278.99,6378.07,6378.07,28715.49849,28715.49849
10/07/2018,6662.78,6662.78,6681,6681,6263,6263,6296.91,6296.91,38560.6727,38560.6727
09/07/2018,6712.1,6712.1,6802.06,6802.06,6612.24,6612.24,6662.12,6662.12,26732.40655,26732.40655
08/07/2018,6753.48,6753.48,6780,6780,6667.44,6667.44,6712.1,6712.1,24622.94779,24622.94779
07/07/2018,6609.79,6609.79,6818.16,6818.16,6508.88,6508.88,6756.98,6756.98,23973.87689,23973.87689
06/07/2018,6529.2,6529.2,6648.54,6648.54,6425,6425,6609.78,6609.78,29397.09475,29397.09475
05/07/2018,6585.53,6585.53,6712,6712,6453.33,6453.33,6529.2,6529.2,35071.9729,35071.9729
04/07/2018,6511.01,6511.01,6784.92,6784.92,6441.11,6441.11,6586.98,6586.98,23571.89278,23571.89278
03/07/2018,6615.29,6615.29,6679.35,6679.35,6463.01,6463.01,6513.86,6513.86,38657.78169,38657.78169
02/07/2018,6360.82,6360.82,6685,6685,6271.62,6271.62,6615.29,6615.29,36230.45226,36230.45226
01/07/2018,6391.08,6391.08,6441.06,6441.06,6251,6251,6356.81,6356.81,27562.96597,27562.96597
30/06/2018,6197.92,6197.92,6528.99,6528.99,6186.03,6186.03,6390.07,6390.07,37919.61284,37919.61284
29/06/2018,5851.01,5851.01,6300,6300,5780,5780,6197.92,6197.92,33911.28728,33911.28728
28/06/2018,6134.73,6134.73,6173.01,6173.01,5827,5827,5853.98,5853.98,30585.26603,30585.26603
27/06/2018,6065.89,6065.89,6190.43,6190.43,5971,5971,6133.73,6133.73,19225.6711,19225.6711
26/06/2018,6252,6252,6272.54,6272.54,6035,6035,6070.78,6070.78,19377.24048,19377.24048
25/06/2018,6137.95,6137.95,6350,6350,6061.97,6061.97,6252,6252,39164.51531,39164.51531
24/06/2018,6149.98,6149.98,6259.8,6259.8,5750,5750,6136.97,6136.97,47445.99896,47445.99896
23/06/2018,6045.92,6045.92,6260,6260,6008.48,6008.48,6149.98,6149.98,26622.78859,26622.78859
22/06/2018,6717.69,6717.69,6733.97,6733.97,5918.94,5918.94,6045,6045,52157.37083,52157.37083
21/06/2018,6763.21,6763.21,6795,6795,6672.57,6672.57,6718.84,6718.84,25428.85405,25428.85405
20/06/2018,6740,6740,6817.23,6817.23,6551.81,6551.81,6761.51,6761.51,26359.75245,26359.75245
19/06/2018,6711.39,6711.39,6841.74,6841.74,6653,6653,6741.21,6741.21,24311.42114,24311.42114
18/06/2018,6444.06,6444.06,6794.38,6794.38,6380,6380,6712.46,6712.46,31821.435,31821.435
17/06/2018,6482.5,6482.5,6589.03,6589.03,6422,6422,6449.61,6449.61,19847.24769,19847.24769
16/06/2018,6380.01,6380.01,6560,6560,6320.86,6320.86,6483.98,6483.98,22277.24115,22277.24115
15/06/2018,6638.67,6638.67,6666.66,6666.66,6362.31,6362.31,6388.9,6388.9,30018.32991,30018.32991
14/06/2018,6292.78,6292.78,6720,6720,6260,6260,6635.98,6635.98,44478.13084,44478.13084
13/06/2018,6530,6530,6627.6,6627.6,6118.68,6118.68,6292.78,6292.78,46185.5181,46185.5181
12/06/2018,6872,6872,6890.51,6890.51,6435,6435,6530,6530,36722.21119,36722.21119
11/06/2018,6765,6765,6922,6922,6610,6610,6872,6872,34552.1623,34552.1623
10/06/2018,7491.73,7491.73,7491.73,7491.73,6622.81,6622.81,6764.99,6764.99,52342.02003,52342.02003
09/06/2018,7603.44,7603.44,7683.98,7683.98,7450,7450,7491.73,7491.73,19339.88518,19339.88518
08/06/2018,7691.08,7691.08,7703.5,7703.5,7531,7531,7603.44,7603.44,23396.80467,23396.80467
07/06/2018,7658.79,7658.79,7765,7765,7620,7620,7691.08,7691.08,25062.2272,25062.2272
06/06/2018,7626.64,7626.64,7699,7699,7467.05,7467.05,7658.84,7658.84,27229.9919,27229.9919
05/06/2018,7487,7487,7679.49,7679.49,7358,7358,7625,7625,31722.97338,31722.97338
04/06/2018,7714.26,7714.26,7760.52,7760.52,7446.5,7446.5,7487,7487,32258.83512,32258.83512
03/06/2018,7636.81,7636.81,7786.69,7786.69,7600,7600,7714.26,7714.26,27505.15895,27505.15895
02/06/2018,7521.01,7521.01,7697.33,7697.33,7437,7437,7640.03,7640.03,26720.69022,26720.69022
01/06/2018,7485.01,7485.01,7608.55,7608.55,7355.54,7355.54,7521.01,7521.01,28259.12408,28259.12408
31/05/2018,7382.07,7382.07,7699,7699,7327.51,7327.51,7485.01,7485.01,30776.0631,30776.0631
30/05/2018,7467.98,7467.98,7569,7569,7260.5,7260.5,7375.96,7375.96,32041.58362,32041.58362
29/05/2018,7099,7099,7540,7540,7032.95,7032.95,7461.29,7461.29,39407.21183,39407.21183
28/05/2018,7338.99,7338.99,7437,7437,7058.02,7058.02,7099,7099,27219.43896,27219.43896
27/05/2018,7334,7334,7400,7400,7231.11,7231.11,7338.99,7338.99,18706.94552,18706.94552
26/05/2018,7456.99,7456.99,7620,7620,7300,7300,7333.96,7333.96,19464.08607,19464.08607
25/05/2018,7578.99,7578.99,7649.55,7649.55,7308.15,7308.15,7457,7457,26739.95664,26739.95664
24/05/2018,7501.95,7501.95,7730.73,7730.73,7266.99,7266.99,7575.01,7575.01,37845.4466,37845.4466
23/05/2018,7977.12,7977.12,8031.9,8031.9,7425,7425,7501.95,7501.95,42910.66677,42910.66677
22/05/2018,8386.89,8386.89,8400.18,8400.18,7935.11,7935.11,7977.11,7977.11,23710.90286,23710.90286
21/05/2018,8526.97,8526.97,8595.31,8595.31,8305,8305,8381.24,8381.24,21516.59649,21516.59649
20/05/2018,8233.49,8233.49,8609,8609,8163.9,8163.9,8526.98,8526.98,19957.05711,19957.05711
19/05/2018,8238.01,8238.01,8390.8,8390.8,8095.73,8095.73,8233.49,8233.49,17193.42428,17193.42428
18/05/2018,8038.82,8038.82,8273.21,8273.21,7911.9,7911.9,8239.81,8239.81,23476.15825,23476.15825
17/05/2018,8330,8330,8464,8464,7979,7979,8041.46,8041.46,25439.8448,25439.8448
16/05/2018,8462,8462,8488,8488,8083.01,8083.01,8330,8330,31130.71891,31130.71891
15/05/2018,8663.37,8663.37,8859.99,8859.99,8401.3,8401.3,8462,8462,28126.95614,28126.95614
14/05/2018,8679.71,8679.71,8879.99,8879.99,8277,8277,8663.34,8663.34,37389.66653,37389.66653
13/05/2018,8475.44,8475.44,8763.36,8763.36,8298,8298,8679.71,8679.71,25632.86936,25632.86936
12/05/2018,8405.94,8405.94,8646.88,8646.88,8153,8153,8465.94,8465.94,40241.32081,40241.32081
11/05/2018,9002.21,9002.21,9016.8,9016.8,8341,8341,8400,8400,48227.04806,48227.04806
10/05/2018,9310,9310,9395.12,9395.12,8970,8970,9002.2,9002.2,25055.06372,25055.06372
09/05/2018,9178,9178,9390,9390,8965,8965,9310,9310,25673.5249,25673.5249
08/05/2018,9365,9365,9475.7,9475.7,9060.54,9060.54,9187.56,9187.56,25533.83189,25533.83189
07/05/2018,9661.02,9661.02,9689.67,9689.67,9181,9181,9365,9365,33787.64001,33787.64001
06/05/2018,9863.99,9863.99,9970,9970,9417.03,9417.03,9659.01,9659.01,27690.35156,27690.35156
05/05/2018,9714,9714,10020,10020,9682,9682,9864,9864,24990.01835,24990.01835
04/05/2018,9750,9750,9830.04,9830.04,9520.85,9520.85,9713.99,9713.99,28681.58888,28681.58888
03/05/2018,9247.81,9247.81,9844,9844,9168.4,9168.4,9750,9750,38768.38829,38768.38829
02/05/2018,9071.48,9071.48,9268,9268,8970.2,8970.2,9247.84,9247.84,26123.54396,26123.54396
01/05/2018,9246.01,9246.01,9248.99,9248.99,8800.49,8800.49,9071.48,9071.48,41018.46363,41018.46363
30/04/2018,9417.04,9417.04,9458.64,9458.64,9124.99,9124.99,9246.01,9246.01,35002.03388,35002.03388
29/04/2018,9348,9348,9570.51,9570.51,9163.74,9163.74,9419,9419,38149.85004,38149.85004
28/04/2018,8915.35,8915.35,9427.48,9427.48,8870,8870,9348,9348,34759.62842,34759.62842
27/04/2018,9267.03,9267.03,9395,9395,8889,8889,8915.35,8915.35,37241.34704,37241.34704
26/04/2018,8869.99,8869.99,9307.48,9307.48,8651.62,8651.62,9266,9266,43300.30425,43300.30425
25/04/2018,9618.96,9618.96,9759.82,9759.82,8730,8730,8869.99,8869.99,81110.03759,81110.03759
24/04/2018,8934,8934,9731.01,9731.01,8922,8922,9619.99,9619.99,46268.79011,46268.79011
23/04/2018,8785.7,8785.7,8985,8985,8745,8745,8934.01,8934.01,25838.11471,25838.11471
22/04/2018,8915.31,8915.31,9020.67,9020.67,8727.68,8727.68,8787.02,8787.02,29458.25348,29458.25348
21/04/2018,8852.12,8852.12,9035,9035,8565,8565,8915.31,8915.31,40872.22991,40872.22991
20/04/2018,8273.84,8273.84,8930,8930,8177.09,8177.09,8856.98,8856.98,39795.33749,39795.33749
19/04/2018,8173.99,8173.99,8296,8296,8080,8080,8278,8278,27113.84746,27113.84746
18/04/2018,7890.96,7890.96,8236.43,8236.43,7868,7868,8173,8173,26969.04457,26969.04457
17/04/2018,8064.92,8064.92,8173.7,8173.7,7825.4,7825.4,7885.02,7885.02,32152.60357,32152.60357
16/04/2018,8355.07,8355.07,8419,8419,7867,7867,8064.92,8064.92,36664.06972,36664.06972
15/04/2018,8004,8004,8429.54,8429.54,7999.02,7999.02,8355,8355,27946.72044,27946.72044
14/04/2018,7877.48,7877.48,8186,8186,7810,7810,7999.01,7999.01,31621.28636,31621.28636
13/04/2018,7922.99,7922.99,8233.39,8233.39,7732,7732,7877.41,7877.41,55044.52315,55044.52315
12/04/2018,6953.78,6953.78,8012.23,8012.23,6743.2,6743.2,7923,7923,64861.59599,64861.59599
11/04/2018,6839.56,6839.56,6990,6990,6787,6787,6953.79,6953.79,23997.87118,23997.87118
10/04/2018,6781.55,6781.55,6890,6890,6656,6656,6843.9,6843.9,22326.7281,22326.7281
09/04/2018,7011.04,7011.04,7185,7185,6611,6611,6782.72,6782.72,34078.29721,34078.29721
08/04/2018,6895.81,6895.81,7109.13,7109.13,6880,6880,7018,7018,21427.67317,21427.67317
07/04/2018,6601.39,6601.39,7070,7070,6586.28,6586.28,6895.8,6895.8,32269.57827,32269.57827
06/04/2018,6770,6770,6850,6850,6500,6500,6601.39,6601.39,27455.01192,27455.01192
05/04/2018,6796.1,6796.1,6902,6902,6566.69,6566.69,6770.76,6770.76,39029.73146,39029.73146
04/04/2018,7405.21,7405.21,7427.52,7427.52,6707,6707,6796.1,6796.1,42227.1838,42227.1838
03/04/2018,7063.97,7063.97,7520,7520,7011.01,7011.01,7405.21,7405.21,37787.33181,37787.33181
02/04/2018,6813.01,6813.01,7125,7125,6765,6765,7056,7056,32123.56007,32123.56007
01/04/2018,6922,6922,7049.98,7049.98,6430,6430,6813.01,6813.01,44071.43046,44071.43046
31/03/2018,6840.24,6840.24,7223.36,7223.36,6777,6777,6923.91,6923.91,36868.53909,36868.53909
30/03/2018,7090.16,7090.16,7292.43,7292.43,6600.1,6600.1,6840.23,6840.23,65306.03198,65306.03198
29/03/2018,7949.3,7949.3,7975,7975,6941.11,6941.11,7090.14,7090.14,54620.91513,54620.91513
28/03/2018,7795.51,7795.51,8109,8109,7728,7728,7949.3,7949.3,26401.33167,26401.33167
27/03/2018,8134.22,8134.22,8215.94,8215.94,7730,7730,7795.51,7795.51,37427.64805,37427.64805
26/03/2018,8470.14,8470.14,8514.89,8514.89,7831,7831,8134.23,8134.23,44033.59566,44033.59566
25/03/2018,8531.25,8531.25,8669.85,8669.85,8365.77,8365.77,8470.15,8470.15,29001.76932,29001.76932
24/03/2018,8898.04,8898.04,8999.95,8999.95,8491,8491,8546.86,8546.86,35466.60957,35466.60957
23/03/2018,8720,8720,8909,8909,8269,8269,8898.03,8898.03,39991.00767,39991.00767
22/03/2018,8884.82,8884.82,9100,9100,8465.1,8465.1,8722.9,8722.9,40617.55681,40617.55681
21/03/2018,8909.96,8909.96,9177.01,9177.01,8750.6,8750.6,8885,8885,39972.40537,39972.40537
20/03/2018,8595.01,8595.01,9050,9050,8280,8280,8909.98,8909.98,44865.10584,44865.10584
19/03/2018,8189,8189,8705.23,8705.23,8088.4,8088.4,8600,8600,55297.08494,55297.08494
18/03/2018,7824.01,7824.01,8317.4,8317.4,7322,7322,8189.99,8189.99,59488.23171,59488.23171
17/03/2018,8260,8260,8348.62,8348.62,7721.99,7721.99,7824.8,7824.8,33110.20633,33110.20633
16/03/2018,8240.98,8240.98,8611.64,8611.64,7900,7900,8260,8260,38815.40989,38815.40989
15/03/2018,8184.01,8184.01,8430,8430,7650,7650,8240.98,8240.98,52291.02228,52291.02228
14/03/2018,9151.92,9151.92,9333.78,9333.78,7900.28,7900.28,8170,8170,49708.09411,49708.09411
13/03/2018,9131.34,9131.34,9474,9474,8823,8823,9150,9150,40191.40936,40191.40936
12/03/2018,9533.57,9533.57,9888.88,9888.88,8780,8780,9131.34,9131.34,42230.77793,42230.77793
11/03/2018,8770.22,8770.22,9740,9740,8450,8450,9533.57,9533.57,44325.97339,44325.97339
10/03/2018,9230,9230,9490,9490,8667.07,8667.07,8770.22,8770.22,37180.01286,37180.01286
09/03/2018,9267.07,9267.07,9410,9410,8329,8329,9227,9227,64112.29141,64112.29141
08/03/2018,9910,9910,10099,10099,9060,9060,9271.64,9271.64,41109.47323,41109.47323
07/03/2018,10716.48,10716.48,10899,10899,9389.31,9389.31,9910,9910,50647.67108,50647.67108
06/03/2018,11455,11455,11455,11455,10555.48,10555.48,10716.48,10716.48,29515.57236,29515.57236
05/03/2018,11515,11515,11710,11710,11415.01,11415.01,11454,11454,15144.23106,15144.23106
04/03/2018,11464.47,11464.47,11565,11565,11050.02,11050.02,11515,11515,17295.91865,17295.91865
03/03/2018,11038.99,11038.99,11544,11544,11015.01,11015.01,11464.48,11464.48,21287.15328,21287.15328
02/03/2018,10923.36,10923.36,11200,11200,10770,10770,11039,11039,23910.71009,23910.71009
01/03/2018,10325.64,10325.64,11060.41,11060.41,10240,10240,10920,10920,25092.55393,25092.55393
28/02/2018,10584.33,10584.33,11098,11098,10300,10300,10326.76,10326.76,30800.98378,30800.98378
27/02/2018,10321,10321,10870,10870,10121,10121,10569.04,10569.04,30705.38512,30705.38512
26/02/2018,9590,9590,10444.32,10444.32,9350,9350,10324,10324,34878.29276,34878.29276
25/02/2018,9694.51,9694.51,9847,9847,9274.8,9274.8,9590,9590,28373.51759,28373.51759
24/02/2018,10131.04,10131.04,10496.97,10496.97,9352,9352,9694.51,9694.51,40888.1563,40888.1563
23/02/2018,9815.55,9815.55,10435,10435,9570.19,9570.19,10131.04,10131.04,57202.70237,57202.70237
22/02/2018,10439.02,10439.02,10933.44,10933.44,9679,9679,9811.04,9811.04,67060.16648,67060.16648
21/02/2018,11195.07,11195.07,11304.03,11304.03,10200,10200,10437.6,10437.6,68113.81875,68113.81875
20/02/2018,11147.11,11147.11,11786.01,11786.01,11100.59,11100.59,11200.99,11200.99,48153.35429,48153.35429
19/02/2018,10375.01,10375.01,11250,11250,10270.33,10270.33,11153,11153,40831.41713,40831.41713
18/02/2018,11039.55,11039.55,11274,11274,10080,10080,10383.43,10383.43,61137.38073,61137.38073
17/02/2018,10156.07,10156.07,11075.07,11075.07,10050,10050,11039.55,11039.55,41882.10841,41882.10841
16/02/2018,10000.89,10000.89,10323.37,10323.37,9666,9666,10159.98,10159.98,38161.20597,38161.20597
15/02/2018,9449.98,9449.98,10219.5,10219.5,9301.5,9301.5,10000.09,10000.09,52427.59672,52427.59672
14/02/2018,8535.17,8535.17,9489.6,9489.6,8533,8533,9449.99,9449.99,40811.95287,40811.95287
13/02/2018,8903,8903,8950,8950,8351,8351,8539.9,8539.9,35454.97296,35454.97296
12/02/2018,8063.82,8063.82,8989,8989,8053,8053,8903,8903,41987.85049,41987.85049
11/02/2018,8533.99,8533.99,8549,8549,7726.53,7726.53,8063.88,8063.88,45025.18795,45025.18795
10/02/2018,8683.93,8683.93,9065.78,9065.78,8120,8120,8533.98,8533.98,49381.51265,49381.51265
09/02/2018,7789.9,7789.9,8738,8738,7789.9,7789.9,8683.92,8683.92,20482.91083,20482.91083
08/02/2018,7599,7599,7844,7844,7572.09,7572.09,7784.02,7784.02,1521.537318,1521.537318
07/02/2018,7655.02,7655.02,8476,8476,7150.01,7150.01,7599,7599,60778.4605,60778.4605
06/02/2018,6939.63,6939.63,7878,7878,6000.01,6000.01,7652.14,7652.14,100201.5003,100201.5003
05/02/2018,8179.99,8179.99,8382.8,8382.8,6625,6625,6939.99,6939.99,63403.18258,63403.18258
04/02/2018,9199.96,9199.96,9368,9368,7930,7930,8184.81,8184.81,32014.30845,32014.30845
03/02/2018,8873.03,8873.03,9473.01,9473.01,8229,8229,9199.96,9199.96,28725.00074,28725.00074
02/02/2018,9224.52,9224.52,9250,9250,8010.02,8010.02,8873.03,8873.03,49971.62698,49971.62698
01/02/2018,10285.1,10285.1,10335,10335,8750.99,8750.99,9224.52,9224.52,33564.76431,33564.76431
31/01/2018,10230,10230,10425.85,10425.85,9700,9700,10285.1,10285.1,18015.95681,18015.95681
30/01/2018,11250.11,11250.11,11308.42,11308.42,9900,9900,10237.51,10237.51,25554.37295,25554.37295
29/01/2018,11879.95,11879.95,11975.02,11975.02,11139.55,11139.55,11251,11251,14170.37754,14170.37754
28/01/2018,11499.98,11499.98,12244,12244,11408,11408,11879.95,11879.95,16887.33952,16887.33952
27/01/2018,11089,11089,11650,11650,10842.69,10842.69,11491,11491,18860.76835,18860.76835
26/01/2018,11184.7,11184.7,11643,11643,10311.15,10311.15,11089,11089,33056.87196,33056.87196
25/01/2018,11349.96,11349.96,11794.05,11794.05,10950.21,10950.21,11175.27,11175.27,20839.95418,20839.95418
24/01/2018,10799.14,10799.14,11570.48,11570.48,10500,10500,11349.99,11349.99,27158.58776,27158.58776
23/01/2018,10760.05,10760.05,11399,11399,9905,9905,10799.18,10799.18,37473.92255,37473.92255
22/01/2018,11530,11530,11926.35,11926.35,9900.24,9900.24,10760.05,10760.05,43752.60679,43752.60679
21/01/2018,12799.8,12799.8,12799.8,12799.8,10965,10965,11530,11530,41379.77343,41379.77343
20/01/2018,11474.98,11474.98,13099,13099,11412.45,11412.45,12799.94,12799.94,28768.85783,28768.85783
19/01/2018,10960,10960,11795,11795,10360,10360,11474.98,11474.98,34129.37542,34129.37542
18/01/2018,10972.59,10972.59,11878.82,11878.82,10435.33,10435.33,10961.97,10961.97,48464.43494,48464.43494
17/01/2018,10899.99,10899.99,11680.99,11680.99,9037.94,9037.94,10988.79,10988.79,72331.79665,72331.79665
16/01/2018,13500,13500,13542.93,13542.93,9035,9035,10900,10900,63401.16918,63401.16918
15/01/2018,13477.98,13477.98,14249.99,14249.99,13147.79,13147.79,13539.93,13539.93,14652.09471,14652.09471
14/01/2018,14210,14210,14339.5,14339.5,12569.2,12569.2,13474.99,13474.99,17017.89433,17017.89433
13/01/2018,13749.95,13749.95,14580,14580,13706.15,13706.15,14210,14210,12221.50853,12221.50853
12/01/2018,13238.76,13238.76,14109.78,14109.78,12500,12500,13740.01,13740.01,16417.16214,16417.16214
11/01/2018,14940,14940,14968.68,14968.68,11400,11400,13238.78,13238.78,33554.72375,33554.72375
10/01/2018,14401,14401,14955.66,14955.66,13131.31,13131.31,14907.09,14907.09,17411.00166,17411.00166
09/01/2018,14902.54,14902.54,15500,15500,14011.05,14011.05,14400,14400,14315.00425,14315.00425
08/01/2018,16218.85,16218.85,16322.3,16322.3,12812,12812,14902.54,14902.54,26600.60991,26600.60991
07/01/2018,17069.79,17069.79,17099.96,17099.96,15610,15610,16150.03,16150.03,12493.12556,12493.12556
06/01/2018,16960.39,16960.39,17143.13,17143.13,16011.21,16011.21,17069.79,17069.79,18571.45751,18571.45751
05/01/2018,15059.56,15059.56,17176.24,17176.24,14600,14600,16960.39,16960.39,23251.49113,23251.49113
04/01/2018,14919.51,14919.51,15280,15280,13918.04,13918.04,15059.54,15059.54,21329.64957,21329.64957
03/01/2018,14690,14690,15307.56,15307.56,14150,14150,14919.51,14919.51,15905.66764,15905.66764
02/01/2018,13382.16,13382.16,15473.49,15473.49,12890.02,12890.02,14675.11,14675.11,20078.09211,20078.09211
01/01/2018,13715.65,13715.65,13818.55,13818.55,12750,12750,13380,13380,8609.915844,8609.915844
31/12/2017,12345.1,12345.1,14050.11,14050.11,12149.98,12149.98,13716.36,13716.36,11768.98972,11768.98972
30/12/2017,14378.99,14378.99,14398.85,14398.85,11750,11750,12440.01,12440.01,19221.15804,19221.15804
29/12/2017,14199.14,14199.14,14981,14981,13850,13850,14378.9,14378.9,18072.00812,18072.00812
28/12/2017,15459.97,15459.97,15539.99,15539.99,13150,13150,14182.11,14182.11,21717.85801,21717.85801
27/12/2017,15709.98,15709.98,16498.05,16498.05,14200.15,14200.15,15459.99,15459.99,14959.86472,14959.86472
26/12/2017,13699.34,13699.34,16050,16050,13533,13533,15689.01,15689.01,15034.6681,15034.6681
25/12/2017,13500,13500,14300,14300,12708,12708,13699.34,13699.34,15748.20761,15748.20761
24/12/2017,13300,13300,13819.99,13819.99,11640,11640,13500,13500,28557.53499,28557.53499
23/12/2017,13326.61,13326.61,14950,14950,12978.18,12978.18,13300,13300,13141.53888,13141.53888
22/12/2017,15514.03,15514.03,15699.34,15699.34,10961,10961,13326.61,13326.61,36076.27118,36076.27118
21/12/2017,16480.52,16480.52,17309.5,17309.5,14022,14022,15492.64,15492.64,20324.2173,20324.2173
20/12/2017,17295.2,17295.2,17720.35,17720.35,14777.66,14777.66,16488.98,16488.98,13450.49669,13450.49669
19/12/2017,18856.25,18856.25,18950,18950,16300,16300,17295.2,17295.2,13210.74822,13210.74822
18/12/2017,18860.04,18860.04,19300,19300,17029.98,17029.98,18856.25,18856.25,10624.63307,10624.63307
17/12/2017,19120.19,19120.19,19798.68,19798.68,18510,18510,18860.02,18860.02,9177.183434,9177.183434
16/12/2017,17516.81,17516.81,19539,19539,17190.01,17190.01,19102.66,19102.66,4202.628709,4202.628709
15/12/2017,16334.98,16334.98,17991,17991,16298.45,16298.45,17539.83,17539.83,9181.273947,9181.273947
14/12/2017,16030.34,16030.34,16445,16445,15450,15450,16334.98,16334.98,11616.86715,11616.86715
13/12/2017,16349.99,16349.99,16546,16546,14666.56,14666.56,16033.29,16033.29,12416.3288,12416.3288
12/12/2017,16587.97,16587.97,16976.45,16976.45,15875,15875,16349.99,16349.99,9436.802411,9436.802411
11/12/2017,14946.26,14946.26,17470,17470,14901.08,14901.08,16587.97,16587.97,11820.40176,11820.40176
10/12/2017,14664.01,14664.01,15720.12,15720.12,12368,12368,14899.98,14899.98,16553.03717,16553.03717
09/12/2017,15880.01,15880.01,16269.3,16269.3,12535,12535,14656.07,14656.07,13918.75869,13918.75869
08/12/2017,16599,16599,17204.99,17204.99,14015,14015,15880,15880,17589.01314,17589.01314
07/12/2017,13541.01,13541.01,16649.96,16649.96,13050,13050,16599,16599,7487.065695,7487.065695
06/12/2017,11699.99,11699.99,13615.23,13615.23,11665.58,11665.58,13550.05,13550.05,6707.946319,6707.946319
05/12/2017,11571.03,11571.03,11853,11853,11447.68,11447.68,11699.99,11699.99,5550.732055,5550.732055
04/12/2017,11165.41,11165.41,11600,11600,10802,10802,11579,11579,4663.424562,4663.424562
03/12/2017,10902.69,10902.69,11825,11825,10500,10500,11165.41,11165.41,5346.636524,5346.636524
02/12/2017,10775.04,10775.04,11190,11190,10620,10620,10890.01,10890.01,4765.439757,4765.439757
01/12/2017,9837,9837,10898,10898,9380,9380,10782.99,10782.99,6134.923633,6134.923633
30/11/2017,9687.88,9687.88,10900,10900,8850.8,8850.8,9838.96,9838.96,9389.574329,9389.574329
29/11/2017,9896.79,9896.79,11300.03,11300.03,8520,8520,9687.88,9687.88,13352.53872,13352.53872
28/11/2017,9650,9650,9939,9939,9570.5,9570.5,9896.8,9896.8,4917.210985,4917.210985
27/11/2017,9128,9128,9654.28,9654.28,9112.04,9112.04,9650,9650,4521.625707,4521.625707
26/11/2017,8700.04,8700.04,9350,9350,8604.72,8604.72,9128.02,9128.02,4147.380237,4147.380237
25/11/2017,8138.99,8138.99,8734.78,8734.78,8090,8090,8700.01,8700.01,4292.623682,4292.623682
24/11/2017,8019.97,8019.97,8369,8369,7850,7850,8138,8138,4411.789112,4411.789112
23/11/2017,8233.03,8233.03,8260,8260,8000,8000,8019.99,8019.99,4093.952687,4093.952687
22/11/2017,8091.09,8091.09,8322.68,8322.68,8091.09,8091.09,8205.92,8205.92,3545.00571,3545.00571
21/11/2017,8212.49,8212.49,8400,8400,7801,7801,8119.51,8119.51,4544.474016,4544.474016
20/11/2017,8057.11,8057.11,8319.99,8319.99,7954,7954,8212,8212,3886.634348,3886.634348
19/11/2017,7761.94,7761.94,8123.15,8123.15,7650.33,7650.33,8038,8038,3867.340444,3867.340444
18/11/2017,7680.01,7680.01,7819.99,7819.99,7422,7422,7761.94,7761.94,3954.266477,3954.266477
17/11/2017,7876.98,7876.98,7989,7989,7451,7451,7699.19,7699.19,3982.395925,3982.395925
16/11/2017,7240.14,7240.14,7940,7940,7076,7076,7864.5,7864.5,2331.95675,2331.95675
15/11/2017,6575.99,6575.99,7298,7298,6575.99,6575.99,7240.06,7240.06,1779.605845,1779.605845
14/11/2017,6465.99,6465.99,6684.98,6684.98,6311.07,6311.07,6574.99,6574.99,1254.292531,1254.292531
13/11/2017,5839.94,5839.94,6697.47,6697.47,5699.99,5699.99,6465.99,6465.99,2621.243039,2621.243039
12/11/2017,6245.05,6245.05,6630,6630,5325.01,5325.01,5811.03,5811.03,4968.483069,4968.483069
11/11/2017,6503,6503,6797.98,6797.98,6100,6100,6245.05,6245.05,2754.156861,2754.156861
10/11/2017,7079,7079,7279.91,7279.91,6255.01,6255.01,6506.98,6506.98,3254.704105,3254.704105
09/11/2017,7303.01,7303.01,7392,7392,7015,7015,7079.99,7079.99,1913.398308,1913.398308
08/11/2017,7070,7070,7770.02,7770.02,6651,6651,7303,7303,2822.298802,2822.298802
07/11/2017,6981.72,6981.72,7198.49,7198.49,6901,6901,7064.04,7064.04,1440.259494,1440.259494
06/11/2017,7345.1,7345.1,7401,7401,6906,6906,6960.12,6960.12,1763.019261,1763.019261
05/11/2017,7357.27,7357.27,7590.25,7590.25,7279.02,7279.02,7345.01,7345.01,1207.83233,1207.83233
04/11/2017,7115.02,7115.02,7480.99,7480.99,6901,6901,7357.09,7357.09,1399.191767,1399.191767
03/11/2017,7010.31,7010.31,7346.34,7346.34,6923,6923,7115.04,7115.04,1891.497592,1891.497592
02/11/2017,6753.98,6753.98,7300,7300,6685.1,6685.1,7019.98,7019.98,2503.610803,2503.610803
01/11/2017,6463,6463,6774.67,6774.67,6338.02,6338.02,6753.98,6753.98,1675.615188,1675.615188
31/10/2017,6120.52,6120.52,6498.01,6498.01,6100,6100,6463,6463,1511.774925,1511.774925
30/10/2017,6133.01,6133.01,6248.68,6248.68,6030,6030,6120.5,6120.5,1473.687043,1473.687043
29/10/2017,5709.98,5709.98,6189.88,6189.88,5648.01,5648.01,6169.98,6169.98,1804.778173,1804.778173
28/10/2017,5768.79,5768.79,5850.02,5850.02,5630.03,5630.03,5719.64,5719.64,1276.754412,1276.754412
27/10/2017,5861.77,5861.77,5980,5980,5649.24,5649.24,5768.83,5768.83,1403.706416,1403.706416
26/10/2017,5670.1,5670.1,5939.99,5939.99,5650,5650,5861.77,5861.77,1972.965882,1972.965882
25/10/2017,5506.92,5506.92,5704.96,5704.96,5286.98,5286.98,5689.99,5689.99,2282.813205,2282.813205
24/10/2017,5909.47,5909.47,5925,5925,5450,5450,5477.03,5477.03,2580.418767,2580.418767
23/10/2017,5975,5975,6080,6080,5621.03,5621.03,5915.93,5915.93,1812.557715,1812.557715
22/10/2017,6003.27,6003.27,6060,6060,5720.03,5720.03,5950.02,5950.02,1362.092216,1362.092216
21/10/2017,6013.72,6013.72,6171,6171,5850.03,5850.03,6024.97,6024.97,1664.307693,1664.307693
20/10/2017,5683.31,5683.31,6110,6110,5600,5600,6010.01,6010.01,1972.97722,1972.97722
19/10/2017,5513,5513,5710,5710,5490.26,5490.26,5683.9,5683.9,1881.722107,1881.722107
