Date,Open,High,Low,Close,Price,Volume,Year,Month,Day
2016-06-28,448.0,448.0,433.0,440.399994,440.22171,10190394.0,2016,6,28
2016-06-29,447.100006,449.799988,445.399994,447.25,447.068939,6285461.0,2016,6,29
2016-06-30,454.299988,462.25,451.549988,459.25,459.064087,13214064.0,2016,6,30
2016-07-01,463.600006,464.75,454.700012,457.899994,457.71463,7027759.0,2016,7,1
2016-07-04,467.0,474.850006,467.0,469.5,469.309937,8413087.0,2016,7,4
2016-07-05,468.5,469.0,459.5,460.899994,460.713409,4934087.0,2016,7,5
2016-07-07,460.950012,465.450012,454.100006,455.149994,454.965729,6580663.0,2016,7,7
2016-07-08,464.299988,468.200012,462.649994,466.299988,466.111206,9263727.0,2016,7,8
2016-07-11,472.100006,486.799988,472.100006,484.600006,484.403809,10477166.0,2016,7,11
2016-07-12,486.0,488.649994,481.100006,484.299988,484.103912,6767972.0,2016,7,12
2016-07-13,485.950012,488.100006,477.950012,481.100006,480.905243,5855718.0,2016,7,13
2016-07-14,480.100006,489.299988,478.950012,486.100006,485.903229,5983007.0,2016,7,14
2016-07-15,480.0,501.700012,479.649994,494.0,493.800018,8889558.0,2016,7,15
2016-07-18,495.0,505.0,490.0,492.649994,492.649994,7463954.0,2016,7,18
2016-07-19,493.899994,503.5,493.450012,499.25,499.25,7665519.0,2016,7,19
2016-07-20,496.299988,502.450012,492.450012,493.899994,493.899994,5697901.0,2016,7,20
2016-07-21,498.450012,500.0,489.700012,491.049988,491.049988,3658371.0,2016,7,21
2016-07-22,494.450012,508.450012,493.5,507.200012,507.200012,5588143.0,2016,7,22
2016-07-25,505.5,510.950012,503.350006,509.0,509.0,4638151.0,2016,7,25
2016-07-26,506.049988,513.349976,502.100006,503.25,503.25,6187499.0,2016,7,26
2016-07-27,507.75,513.049988,505.5,510.100006,510.100006,5193425.0,2016,7,27
2016-07-28,510.0,511.899994,498.75,506.850006,506.850006,6338260.0,2016,7,28
2016-07-29,507.799988,510.5,501.100006,503.200012,503.200012,3746332.0,2016,7,29
2016-08-01,506.799988,514.900024,505.5,508.25,508.25,4748497.0,2016,8,1
2016-08-02,510.0,511.200012,491.149994,493.299988,493.299988,5251838.0,2016,8,2
2016-08-03,494.5,499.5,475.5,478.399994,478.399994,7925049.0,2016,8,3
2016-08-04,490.100006,501.450012,488.600006,500.0,500.0,9476008.0,2016,8,4
2016-08-05,507.200012,518.700012,502.149994,516.400024,516.400024,6393514.0,2016,8,5
2016-08-08,518.200012,522.599976,513.400024,514.799988,514.799988,4649302.0,2016,8,8
2016-08-09,521.0,522.0,509.200012,513.799988,513.799988,6015760.0,2016,8,9
2016-08-10,515.599976,516.5,502.299988,503.450012,503.450012,6371139.0,2016,8,10
2016-08-11,503.75,505.0,495.100006,503.25,503.25,4112806.0,2016,8,11
2016-08-12,506.899994,519.5,506.149994,516.799988,516.799988,7167435.0,2016,8,12
2016-08-16,512.950012,515.0,503.299988,507.600006,507.600006,6034295.0,2016,8,16
2016-08-17,511.100006,514.25,505.850006,510.399994,510.399994,5853980.0,2016,8,17
2016-08-18,512.400024,517.900024,510.75,512.049988,512.049988,4990558.0,2016,8,18
2016-08-19,514.0,515.0,508.200012,510.0,510.0,4567273.0,2016,8,19
2016-08-22,509.100006,513.599976,503.100006,503.950012,503.950012,4330313.0,2016,8,22
2016-08-23,505.25,508.600006,500.450012,504.0,504.0,5342115.0,2016,8,23
2016-08-24,504.700012,506.049988,493.600006,498.350006,498.350006,5189459.0,2016,8,24
2016-08-25,498.350006,503.299988,491.299988,493.850006,493.850006,8787262.0,2016,8,25
2016-08-26,502.0,515.349976,486.0,503.75,503.75,16347856.0,2016,8,26
2016-08-29,522.5,528.75,515.400024,525.299988,525.299988,12534399.0,2016,8,29
2016-08-30,528.5,530.799988,524.099976,529.0,529.0,6611147.0,2016,8,30
2016-08-31,529.0,548.799988,529.0,537.700012,537.700012,15725942.0,2016,8,31
2016-09-01,540.5,546.650024,540.0,543.650024,543.650024,7571854.0,2016,9,1
2016-09-02,552.0,555.900024,549.099976,549.849976,549.849976,10097146.0,2016,9,2
2016-09-06,556.349976,593.299988,556.349976,588.700012,588.700012,15813178.0,2016,9,6
2016-09-07,590.0,598.400024,584.0,587.400024,587.400024,13408927.0,2016,9,7
2016-09-08,590.75,591.700012,577.75,584.200012,584.200012,10456258.0,2016,9,8
2016-09-09,580.0,582.950012,571.700012,573.25,573.25,7159068.0,2016,9,9
2016-09-12,551.0,560.0,549.25,553.450012,553.450012,7055294.0,2016,9,12
2016-09-14,556.25,565.349976,544.099976,560.5,560.5,12364724.0,2016,9,14
2016-09-15,562.0,566.25,555.400024,557.549988,557.549988,5258859.0,2016,9,15
2016-09-16,562.400024,568.200012,546.349976,548.700012,548.700012,10931845.0,2016,9,16
2016-09-19,553.799988,556.400024,549.450012,554.450012,554.450012,6979269.0,2016,9,19
2016-09-20,555.0,556.299988,545.5,548.450012,548.450012,6874462.0,2016,9,20
2016-09-21,548.599976,556.400024,544.0,549.900024,549.900024,5919149.0,2016,9,21
2016-09-22,561.200012,562.950012,551.349976,558.450012,558.450012,6012388.0,2016,9,22
2016-09-23,558.5,558.5,551.200012,553.049988,553.049988,4840360.0,2016,9,23
2016-09-26,549.950012,549.950012,533.75,535.299988,535.299988,6858574.0,2016,9,26
2016-09-27,537.700012,542.0,530.25,531.950012,531.950012,4912743.0,2016,9,27
2016-09-28,533.0,545.400024,531.5,540.0,540.0,6604953.0,2016,9,28
2016-09-29,543.0,546.900024,516.650024,526.299988,526.299988,9315794.0,2016,9,29
2016-09-30,525.599976,536.549988,521.200012,534.849976,534.849976,5659248.0,2016,9,30
2016-10-03,539.400024,546.0,539.0,540.799988,540.799988,4505939.0,2016,10,3
2016-10-04,547.400024,552.400024,540.650024,549.950012,549.950012,5715454.0,2016,10,4
2016-10-05,555.299988,562.400024,549.75,559.650024,559.650024,5929204.0,2016,10,5
2016-10-06,563.099976,564.200012,549.099976,551.450012,551.450012,4273945.0,2016,10,6
2016-10-07,554.5,567.299988,552.599976,565.700012,565.700012,9122002.0,2016,10,7
2016-10-10,571.099976,571.099976,560.900024,562.049988,562.049988,3673211.0,2016,10,10
2016-10-13,556.900024,556.900024,537.0,544.849976,544.849976,9510827.0,2016,10,13
2016-10-14,546.0,557.450012,545.0,556.099976,556.099976,5872827.0,2016,10,14
2016-10-17,557.849976,557.849976,545.900024,547.549988,547.549988,3463154.0,2016,10,17
2016-10-18,549.200012,556.0,549.200012,554.25,554.25,3965424.0,2016,10,18
2016-10-19,552.049988,554.900024,545.049988,550.5,550.5,4275157.0,2016,10,19
2016-10-20,553.049988,554.0,546.0,546.849976,546.849976,2770011.0,2016,10,20
2016-10-21,549.0,550.0,541.5,544.5,544.5,2789747.0,2016,10,21
2016-10-24,544.0,564.0,543.549988,559.799988,559.799988,5161299.0,2016,10,24
2016-10-25,549.849976,561.0,549.099976,553.799988,553.799988,5690576.0,2016,10,25
2016-10-26,548.0,548.0,523.150024,530.049988,530.049988,6665017.0,2016,10,26
2016-10-27,515.599976,525.75,510.75,522.0,522.0,18470182.0,2016,10,27
2016-10-28,527.0,539.950012,525.099976,537.0,537.0,5665910.0,2016,10,28
2016-11-01,534.400024,537.900024,525.049988,530.599976,530.599976,6848662.0,2016,11,1
2016-11-02,522.599976,526.0,512.349976,513.299988,513.299988,4750117.0,2016,11,2
2016-11-03,509.799988,521.450012,505.200012,510.200012,510.200012,6909458.0,2016,11,3
2016-11-04,509.25,516.349976,501.600006,512.299988,512.299988,7564243.0,2016,11,4
2016-11-07,513.0,521.299988,505.049988,506.350006,506.350006,5507954.0,2016,11,7
2016-11-08,518.400024,543.0,517.0,540.200012,540.200012,12739083.0,2016,11,8
2016-11-09,501.149994,544.0,500.0,533.5,533.5,10276017.0,2016,11,9
2016-11-10,536.0,549.349976,531.5,533.700012,533.700012,6906437.0,2016,11,10
2016-11-11,526.5,530.0,505.0,507.299988,507.299988,7823667.0,2016,11,11
2016-11-15,484.899994,484.899994,453.0,457.399994,457.399994,15356070.0,2016,11,15
2016-11-16,468.450012,471.700012,450.0,458.450012,458.450012,10855618.0,2016,11,16
2016-11-17,460.0,476.0,459.649994,472.850006,472.850006,8949767.0,2016,11,17
2016-11-18,469.899994,473.850006,461.850006,471.25,471.25,7246244.0,2016,11,18
2016-11-21,468.0,472.799988,451.5,456.950012,456.950012,7325876.0,2016,11,21
2016-11-22,464.049988,471.0,453.299988,464.850006,464.850006,6644867.0,2016,11,22
2016-11-23,467.0,475.299988,462.0,471.5,471.5,6727083.0,2016,11,23
2016-11-24,466.350006,466.350006,449.700012,452.950012,452.950012,8046995.0,2016,11,24
2016-11-25,454.100006,456.350006,443.149994,452.350006,452.350006,7426347.0,2016,11,25
2016-11-28,451.25,460.0,450.5,454.700012,454.700012,5025929.0,2016,11,28
2016-11-29,455.0,466.299988,451.350006,459.850006,459.850006,8570549.0,2016,11,29
2016-11-30,460.0,463.799988,455.100006,459.299988,459.299988,8377510.0,2016,11,30
2016-12-01,457.0,457.700012,446.899994,448.200012,448.200012,7706825.0,2016,12,1
2016-12-02,445.0,453.5,431.149994,432.899994,432.899994,10450654.0,2016,12,2
2016-12-05,436.0,441.0,428.299988,439.299988,439.299988,8211182.0,2016,12,5
2016-12-06,441.0,445.899994,438.100006,441.100006,441.100006,4209420.0,2016,12,6
2016-12-07,440.0,449.200012,439.25,445.350006,445.350006,5559803.0,2016,12,7
2016-12-08,451.200012,464.399994,451.200012,461.549988,461.549988,8176055.0,2016,12,8
2016-12-09,464.950012,468.549988,460.600006,464.100006,464.100006,5690877.0,2016,12,9
2016-12-12,461.950012,461.950012,451.049988,454.399994,454.399994,3837786.0,2016,12,12
2016-12-13,476.799988,486.25,462.25,470.649994,470.649994,63880404.0,2016,12,13
2016-12-14,470.200012,476.799988,462.649994,472.350006,472.350006,7660437.0,2016,12,14
2016-12-15,464.0,473.600006,462.5,463.200012,463.200012,6539067.0,2016,12,15
2016-12-16,465.0,474.899994,464.200012,473.149994,473.149994,9015744.0,2016,12,16
2016-12-19,470.899994,478.549988,465.5,471.799988,471.799988,5445624.0,2016,12,19
2016-12-20,473.0,475.0,469.100006,473.149994,473.149994,3690160.0,2016,12,20
2016-12-21,473.5,474.5,467.100006,468.5,468.5,3492856.0,2016,12,21
2016-12-22,468.149994,472.950012,464.799988,469.600006,469.600006,5436494.0,2016,12,22
2016-12-23,464.950012,468.299988,460.0,465.649994,465.649994,3957854.0,2016,12,23
2016-12-26,465.5,465.5,455.600006,457.850006,457.850006,3282425.0,2016,12,26
2016-12-27,460.0,468.75,457.399994,466.950012,466.950012,3164664.0,2016,12,27
2016-12-28,467.0,468.649994,462.0,463.350006,463.350006,3772181.0,2016,12,28
2016-12-29,462.75,472.700012,459.350006,470.899994,470.899994,4763171.0,2016,12,29
2016-12-30,471.0,475.0,467.5,472.0,472.0,3605555.0,2016,12,30
2017-01-02,472.0,488.700012,469.049988,487.049988,487.049988,4024156.0,2017,1,2
2017-01-03,491.0,492.700012,479.899994,481.100006,481.100006,5814518.0,2017,1,3
2017-01-04,484.649994,493.700012,484.100006,486.649994,486.649994,4769872.0,2017,1,4
2017-01-05,496.0,503.399994,495.549988,502.149994,502.149994,7961242.0,2017,1,5
2017-01-06,502.950012,507.950012,496.25,497.75,497.75,4907475.0,2017,1,6
2017-01-09,499.399994,504.600006,492.149994,500.149994,500.149994,3932710.0,2017,1,9
2017-01-10,506.549988,518.0,505.950012,516.25,516.25,7973024.0,2017,1,10
2017-01-11,520.25,523.950012,517.150024,519.25,519.25,4886398.0,2017,1,11
2017-01-12,521.700012,524.0,513.200012,518.25,518.25,4219627.0,2017,1,12
2017-01-13,523.25,523.25,507.5,514.849976,514.849976,6367248.0,2017,1,13
2017-01-16,518.650024,529.450012,517.0,526.400024,526.400024,6084582.0,2017,1,16
2017-01-17,528.099976,530.799988,521.0,523.700012,523.700012,4297426.0,2017,1,17
2017-01-18,523.049988,529.599976,521.200012,522.450012,522.450012,5874608.0,2017,1,18
2017-01-19,523.0,535.599976,522.700012,531.450012,531.450012,5810128.0,2017,1,19
2017-01-20,527.400024,529.299988,521.25,523.200012,523.200012,5013928.0,2017,1,20
2017-01-23,523.200012,534.950012,523.0,532.700012,532.700012,4209879.0,2017,1,23
2017-01-24,533.0,543.0,532.349976,541.549988,541.549988,5183630.0,2017,1,24
2017-01-25,543.25,551.900024,541.549988,548.900024,548.900024,4504941.0,2017,1,25
2017-01-27,549.0,552.0,539.75,541.950012,541.950012,4493803.0,2017,1,27
2017-01-30,542.0,543.5,530.799988,532.299988,532.299988,4163428.0,2017,1,30
2017-01-31,530.200012,531.5,518.0,523.549988,523.549988,6035022.0,2017,1,31
2017-02-01,527.5,544.5,522.900024,542.25,542.25,4786720.0,2017,2,1
2017-02-02,537.599976,537.599976,526.799988,531.5,531.5,6579801.0,2017,2,2
2017-02-03,531.900024,531.900024,519.5,522.599976,522.599976,5298261.0,2017,2,3
2017-02-06,527.900024,531.450012,523.200012,525.849976,525.849976,3642527.0,2017,2,6
2017-02-07,524.799988,524.799988,502.0,506.799988,506.799988,7987282.0,2017,2,7
2017-02-08,512.349976,514.950012,506.299988,513.049988,513.049988,5975054.0,2017,2,8
2017-02-09,515.400024,518.0,505.75,512.849976,512.849976,4099871.0,2017,2,9
2017-02-10,513.0,514.799988,506.5,509.549988,509.549988,4732032.0,2017,2,10
2017-02-13,512.700012,512.700012,503.299988,505.299988,505.299988,4700518.0,2017,2,13
2017-02-14,503.0,506.700012,466.549988,482.049988,482.049988,14901414.0,2017,2,14
2017-02-15,449.049988,453.0,434.350006,436.450012,436.450012,38638630.0,2017,2,15
2017-02-16,442.549988,447.600006,435.399994,446.0,446.0,11622714.0,2017,2,16
2017-02-17,447.899994,456.600006,442.399994,452.950012,452.950012,10063504.0,2017,2,17
2017-02-20,451.5,458.450012,449.0,455.450012,455.450012,5866707.0,2017,2,20
2017-02-21,456.899994,462.799988,454.5,458.649994,458.649994,6875914.0,2017,2,21
2017-02-22,460.25,466.700012,455.799988,460.049988,460.049988,7315280.0,2017,2,22
2017-02-23,464.0,464.700012,457.25,462.350006,462.350006,9492419.0,2017,2,23
2017-02-27,464.0,464.0,455.100006,457.799988,457.799988,5510484.0,2017,2,27
2017-02-28,460.0,460.0,454.100006,456.75,456.75,5722402.0,2017,2,28
2017-03-01,455.899994,455.899994,448.0,449.450012,449.450012,8367579.0,2017,3,1
2017-03-02,457.850006,467.899994,453.200012,461.700012,461.700012,13667695.0,2017,3,2
2017-03-03,463.299988,466.850006,458.600006,459.950012,459.950012,7085620.0,2017,3,3
2017-03-06,462.5,472.700012,462.100006,470.799988,470.799988,4036291.0,2017,3,6
2017-03-07,469.5,475.899994,466.049988,467.549988,467.549988,7114541.0,2017,3,7
2017-03-08,469.399994,469.600006,461.149994,462.799988,462.799988,5351597.0,2017,3,8
2017-03-09,462.450012,469.700012,462.0,467.600006,467.600006,3837624.0,2017,3,9
2017-03-10,471.0,471.850006,465.100006,469.100006,469.100006,5766815.0,2017,3,10
2017-03-14,481.0,483.0,468.450012,469.75,469.75,6348198.0,2017,3,14
2017-03-15,475.0,476.549988,470.649994,473.450012,473.450012,4801312.0,2017,3,15
2017-03-16,478.700012,482.0,476.149994,480.950012,480.950012,6272947.0,2017,3,16
2017-03-17,481.350006,484.200012,471.700012,476.5,476.5,6338248.0,2017,3,17
2017-03-20,476.549988,478.200012,470.75,476.0,476.0,2871104.0,2017,3,20
2017-03-21,478.0,478.049988,470.649994,473.75,473.75,4685410.0,2017,3,21
2017-03-22,469.950012,469.950012,458.5,459.899994,459.899994,4695648.0,2017,3,22
2017-03-23,461.299988,477.0,461.299988,472.899994,472.899994,8665384.0,2017,3,23
2017-03-24,470.75,474.799988,467.549988,470.399994,470.399994,4296510.0,2017,3,24
2017-03-27,469.0,469.149994,462.100006,464.75,464.75,4417413.0,2017,3,27
2017-03-28,467.5,473.0,467.5,472.399994,472.399994,2982614.0,2017,3,28
2017-03-29,474.899994,475.0,463.600006,469.049988,469.049988,6680569.0,2017,3,29
2017-03-30,463.5,469.799988,462.850006,468.399994,468.399994,9482785.0,2017,3,30
2017-03-31,466.5,472.5,464.5,465.850006,465.850006,6400088.0,2017,3,31
2017-04-03,468.25,472.299988,467.600006,470.399994,470.399994,2951896.0,2017,4,3
2017-04-05,470.399994,475.0,467.25,473.5,473.5,5287168.0,2017,4,5
2017-04-06,474.299988,478.5,470.600006,473.200012,473.200012,6703078.0,2017,4,6
2017-04-07,468.450012,480.549988,466.649994,468.299988,468.299988,8089461.0,2017,4,7
2017-04-10,471.649994,478.299988,467.549988,474.899994,474.899994,5437523.0,2017,4,10
2017-04-11,477.899994,478.350006,471.100006,472.25,472.25,4887918.0,2017,4,11
2017-04-12,468.700012,471.549988,461.600006,464.549988,464.549988,5991598.0,2017,4,12
2017-04-13,461.850006,463.350006,451.200012,453.350006,453.350006,5930185.0,2017,4,13
2017-04-17,452.0,455.700012,447.299988,449.200012,449.200012,4913930.0,2017,4,17
2017-04-18,452.0,455.75,442.5,443.700012,443.700012,4235130.0,2017,4,18
2017-04-19,443.0,449.5,438.299988,443.049988,443.049988,6319332.0,2017,4,19
2017-04-20,447.850006,447.850006,442.100006,443.950012,443.950012,3288900.0,2017,4,20
2017-04-21,446.75,448.450012,437.600006,440.600006,440.600006,5325590.0,2017,4,21
2017-04-24,439.799988,449.0,438.75,443.850006,443.850006,6214069.0,2017,4,24
2017-04-25,445.850006,447.75,443.299988,445.649994,445.649994,5894090.0,2017,4,25
2017-04-26,446.0,454.399994,445.5,450.799988,450.799988,8438042.0,2017,4,26
2017-04-27,455.0,460.899994,452.700012,455.350006,455.350006,10589249.0,2017,4,27
2017-04-28,457.100006,462.0,454.399994,458.899994,458.899994,5126904.0,2017,4,28
2017-05-02,456.600006,457.200012,448.549988,451.25,451.25,6071958.0,2017,5,2
2017-05-03,451.350006,456.0,444.649994,446.600006,446.600006,5158586.0,2017,5,3
2017-05-04,446.649994,448.100006,435.149994,436.5,436.5,6204022.0,2017,5,4
2017-05-05,436.5,436.5,418.0,419.600006,419.600006,9487539.0,2017,5,5
2017-05-08,424.75,428.700012,417.25,422.649994,422.649994,7427873.0,2017,5,8
2017-05-09,424.75,428.799988,422.700012,426.799988,426.799988,2833132.0,2017,5,9
2017-05-10,427.799988,433.0,424.0,432.299988,432.299988,5378402.0,2017,5,10
2017-05-11,434.0,434.5,425.399994,427.450012,427.450012,4049649.0,2017,5,11
2017-05-12,429.649994,433.799988,427.450012,430.850006,430.850006,3850940.0,2017,5,12
2017-05-15,434.0,434.0,430.100006,431.899994,431.899994,1885702.0,2017,5,15
2017-05-16,432.25,439.5,432.25,437.25,437.25,3452072.0,2017,5,16
2017-05-17,436.5,452.5,435.100006,449.100006,449.100006,6572678.0,2017,5,17
2017-05-18,442.0,448.700012,436.0,437.950012,437.950012,6158546.0,2017,5,18
2017-05-19,439.0,444.950012,434.600006,443.350006,443.350006,4387481.0,2017,5,19
2017-05-22,446.0,452.75,442.600006,449.649994,449.649994,6145914.0,2017,5,22
2017-05-23,451.450012,456.450012,444.299988,450.5,450.5,10330814.0,2017,5,23
2017-05-24,470.0,473.350006,458.100006,469.549988,469.549988,27370795.0,2017,5,24
2017-05-25,470.0,479.0,464.700012,476.0,476.0,15108872.0,2017,5,25
2017-05-26,474.100006,488.25,473.5,481.100006,481.100006,7692869.0,2017,5,26
2017-05-29,482.5,485.0,471.799988,481.5,481.5,4253044.0,2017,5,29
2017-05-30,482.700012,487.0,480.0,481.299988,481.299988,3101380.0,2017,5,30
2017-05-31,482.299988,483.0,474.799988,476.149994,476.149994,5393856.0,2017,5,31
2017-06-01,476.950012,479.700012,473.549988,476.649994,476.649994,3001232.0,2017,6,1
2017-06-02,480.0,485.950012,477.700012,478.75,478.75,4319080.0,2017,6,2
2017-06-05,478.299988,481.899994,475.200012,478.149994,478.149994,2464819.0,2017,6,5
2017-06-06,482.899994,484.350006,457.600006,461.0,461.0,8016939.0,2017,6,6
2017-06-07,462.549988,463.649994,453.5,458.0,458.0,5250544.0,2017,6,7
2017-06-08,459.5,463.450012,457.350006,460.799988,460.799988,4066322.0,2017,6,8
2017-06-09,459.950012,468.0,455.0,467.100006,467.100006,4598706.0,2017,6,9
2017-06-12,463.75,465.25,455.200012,456.25,456.25,4341696.0,2017,6,12
2017-06-13,457.149994,458.75,448.0,449.549988,449.549988,3577406.0,2017,6,13
2017-06-14,450.799988,453.399994,447.049988,451.950012,451.950012,3605931.0,2017,6,14
2017-06-15,452.0,457.850006,446.950012,448.299988,448.299988,3879154.0,2017,6,15
2017-06-16,454.700012,458.399994,452.0,455.75,455.75,7042094.0,2017,6,16
2017-06-19,453.799988,456.399994,450.5,452.350006,452.350006,3869675.0,2017,6,19
2017-06-20,457.0,470.75,456.0,467.399994,467.399994,12014975.0,2017,6,20
2017-06-21,466.0,466.0,455.5,457.299988,457.299988,5436141.0,2017,6,21
2017-06-22,458.850006,463.0,451.600006,452.700012,452.700012,5008885.0,2017,6,22
2017-06-23,454.0,456.5,442.399994,443.149994,443.149994,6753648.0,2017,6,23
2017-06-27,443.799988,444.5,434.399994,442.299988,442.299988,5915274.0,2017,6,27
2017-06-28,443.899994,446.799988,440.149994,442.5,442.5,4960238.0,2017,6,28
2017-06-29,444.5,446.25,434.0,435.600006,435.600006,11085101.0,2017,6,29
2017-06-30,433.899994,435.600006,428.049988,432.549988,432.549988,4776892.0,2017,6,30
2017-07-03,431.5,434.700012,426.25,430.25,430.25,6230025.0,2017,7,3
2017-07-04,434.200012,436.399994,426.0,426.899994,426.899994,5020683.0,2017,7,4
2017-07-05,428.899994,433.950012,427.399994,431.75,431.75,5050749.0,2017,7,5
2017-07-06,435.399994,438.799988,433.799988,437.100006,437.100006,4038188.0,2017,7,6
2017-07-07,434.450012,441.450012,432.25,436.850006,436.850006,5311730.0,2017,7,7
2017-07-10,446.600006,448.100006,444.0,446.950012,446.950012,1154721.0,2017,7,10
2017-07-11,452.0,462.299988,451.0,456.950012,456.950012,12069006.0,2017,7,11
2017-07-12,461.0,463.799988,456.600006,461.0,461.0,6051540.0,2017,7,12
2017-07-13,464.5,464.5,455.549988,459.049988,459.049988,4382063.0,2017,7,13
2017-07-14,460.0,460.0,450.399994,451.299988,451.299988,3974269.0,2017,7,14
2017-07-17,455.0,458.350006,453.25,454.149994,454.149994,4922453.0,2017,7,17
2017-07-18,452.600006,459.5,452.600006,456.149994,456.149994,2349268.0,2017,7,18
2017-07-19,453.0,462.899994,453.0,460.600006,460.600006,3395937.0,2017,7,19
2017-07-20,463.5,464.350006,457.350006,460.149994,460.149994,3318626.0,2017,7,20
2017-07-21,460.0,465.899994,457.600006,464.600006,464.600006,3150269.0,2017,7,21
2017-07-24,464.950012,468.350006,461.0,464.0,464.0,3773074.0,2017,7,24
2017-07-25,462.149994,464.700012,454.700012,456.100006,456.100006,7052112.0,2017,7,25
2017-07-26,457.200012,458.700012,455.0,457.299988,457.299988,3641559.0,2017,7,26
2017-07-27,459.0,460.950012,440.299988,445.399994,445.399994,13738611.0,2017,7,27
2017-07-28,444.600006,447.450012,442.450012,445.850006,445.850006,3365171.0,2017,7,28
2017-07-31,446.25,449.700012,443.700012,444.600006,444.600006,3804621.0,2017,7,31
2017-08-01,446.549988,452.350006,445.700012,446.899994,446.899994,4012791.0,2017,8,1
2017-08-02,449.5,449.950012,438.149994,440.350006,440.350006,4045533.0,2017,8,2
2017-08-03,441.0,441.5,429.600006,431.450012,431.450012,6197142.0,2017,8,3
2017-08-04,435.100006,438.75,433.450012,435.600006,435.600006,4166729.0,2017,8,4
2017-08-07,438.600006,439.799988,425.299988,430.0,430.0,6461815.0,2017,8,7
2017-08-08,432.0,435.5,426.0,430.0,430.0,7134979.0,2017,8,8
2017-08-09,428.799988,429.899994,415.0,416.049988,416.049988,10849567.0,2017,8,9
2017-08-10,401.0,403.600006,375.25,380.200012,380.200012,28114017.0,2017,8,10
2017-08-11,376.0,379.100006,358.5,374.5,374.5,14699477.0,2017,8,11
2017-08-14,380.0,381.799988,372.600006,375.399994,375.399994,8216208.0,2017,8,14
2017-08-16,379.450012,390.700012,375.5,389.25,389.25,11019760.0,2017,8,16
2017-08-17,392.450012,392.450012,384.5,385.299988,385.299988,5971420.0,2017,8,17
2017-08-18,381.75,383.0,377.0,380.399994,380.399994,5856198.0,2017,8,18
2017-08-21,382.0,382.549988,371.299988,374.350006,374.350006,5123101.0,2017,8,21
2017-08-22,378.799988,379.950012,372.25,373.600006,373.600006,4163794.0,2017,8,22
2017-08-23,376.0,381.149994,373.350006,379.950012,379.950012,4448871.0,2017,8,23
2017-08-24,380.100006,385.950012,380.100006,384.149994,384.149994,5208541.0,2017,8,24
2017-08-28,385.850006,387.399994,378.299988,379.299988,379.299988,4403872.0,2017,8,28
2017-08-29,379.0,382.350006,374.450012,376.100006,376.100006,4689547.0,2017,8,29
2017-08-30,380.850006,382.75,377.450012,378.5,378.5,3734824.0,2017,8,30
2017-08-31,380.049988,380.450012,375.799988,376.549988,376.549988,4685511.0,2017,8,31
2017-09-01,379.350006,392.850006,378.649994,390.850006,390.850006,7380325.0,2017,9,1
2017-09-04,393.0,396.049988,380.5,383.399994,383.399994,8433560.0,2017,9,4
2017-09-05,385.700012,389.5,383.399994,388.149994,388.149994,4477993.0,2017,9,5
2017-09-06,385.0,386.700012,381.850006,382.700012,382.700012,5953907.0,2017,9,6
2017-09-07,383.700012,384.399994,376.0,378.149994,378.149994,7938665.0,2017,9,7
2017-09-08,381.0,381.799988,374.049988,375.049988,375.049988,7471355.0,2017,9,8
2017-09-11,380.0,380.0,374.200012,375.299988,375.299988,5402725.0,2017,9,11
2017-09-12,378.700012,390.0,375.5,388.25,388.25,9266823.0,2017,9,12
2017-09-13,391.0,393.950012,387.200012,389.649994,389.649994,6537279.0,2017,9,13
2017-09-14,390.75,406.600006,390.25,404.399994,404.399994,11476571.0,2017,9,14
2017-09-15,402.850006,406.75,400.0,401.75,401.75,9675506.0,2017,9,15
2017-09-18,411.850006,413.0,403.200012,404.950012,404.950012,8966503.0,2017,9,18
2017-09-19,415.0,427.700012,414.0,423.649994,423.649994,28208471.0,2017,9,19
2017-09-20,422.75,422.75,413.0,414.799988,414.799988,5179160.0,2017,9,20
2017-09-21,415.399994,418.450012,408.799988,413.649994,413.649994,6946502.0,2017,9,21
2017-09-22,414.0,422.149994,408.850006,411.799988,411.799988,9781308.0,2017,9,22
2017-09-25,413.649994,415.299988,404.600006,408.200012,408.200012,6957357.0,2017,9,25
2017-09-26,409.399994,413.899994,403.299988,411.25,411.25,5077291.0,2017,9,26
2017-09-27,413.5,414.25,402.0,404.899994,404.899994,4727360.0,2017,9,27
2017-09-28,406.950012,406.950012,399.0,401.399994,401.399994,4850748.0,2017,9,28
2017-09-29,401.399994,405.0,397.399994,401.5,401.5,7520906.0,2017,9,29
2017-10-03,428.0,428.0,415.0,416.0,416.0,9696920.0,2017,10,3
2017-10-04,417.549988,426.0,412.700012,423.549988,423.549988,7663143.0,2017,10,4
2017-10-05,423.0,425.799988,420.100006,423.299988,423.299988,4606192.0,2017,10,5
2017-10-06,422.0,426.0,416.200012,424.850006,424.850006,5308695.0,2017,10,6
2017-10-09,424.0,432.100006,423.049988,425.600006,425.600006,4414381.0,2017,10,9
2017-10-10,425.600006,428.899994,421.399994,423.600006,423.600006,5057869.0,2017,10,10
2017-10-11,424.899994,424.899994,414.100006,415.5,415.5,4320451.0,2017,10,11
2017-10-12,415.5,421.799988,409.350006,420.149994,420.149994,5442846.0,2017,10,12
2017-10-13,421.0,429.299988,418.899994,424.799988,424.799988,6969434.0,2017,10,13
2017-10-16,426.299988,438.0,425.850006,437.049988,437.049988,8476709.0,2017,10,16
2017-10-17,435.75,435.75,430.200012,432.299988,432.299988,5135763.0,2017,10,17
2017-10-18,432.25,437.299988,426.600006,433.200012,433.200012,5539785.0,2017,10,18
2017-10-19,433.0,433.100006,424.25,426.950012,426.950012,1313380.0,2017,10,19
2017-10-23,429.100006,430.850006,421.0,422.75,422.75,4013418.0,2017,10,23
2017-10-24,422.75,423.799988,415.049988,416.049988,416.049988,4541742.0,2017,10,24
2017-10-25,421.0,424.399994,415.100006,421.950012,421.950012,5666968.0,2017,10,25
2017-10-26,421.700012,422.399994,417.0,419.399994,419.399994,6207936.0,2017,10,26
2017-10-27,422.049988,434.350006,422.049988,429.899994,429.899994,7414741.0,2017,10,27
2017-10-30,428.25,440.950012,428.25,436.549988,436.549988,7675104.0,2017,10,30
2017-10-31,438.850006,438.850006,427.299988,428.399994,428.399994,6214996.0,2017,10,31
2017-11-01,430.950012,439.950012,428.450012,437.75,437.75,7310931.0,2017,11,1
2017-11-02,435.700012,440.399994,429.899994,434.899994,434.899994,8262211.0,2017,11,2
2017-11-03,434.0,449.350006,432.649994,447.700012,447.700012,8116263.0,2017,11,3
2017-11-06,445.75,468.0,443.549988,462.899994,462.899994,19456789.0,2017,11,6
2017-11-07,458.200012,465.899994,450.049988,451.850006,451.850006,13266543.0,2017,11,7
2017-11-08,448.0,455.0,431.299988,438.200012,438.200012,11193613.0,2017,11,8
2017-11-09,442.100006,450.899994,425.649994,440.149994,440.149994,40547266.0,2017,11,9
2017-11-10,438.950012,438.950012,420.0,422.549988,422.549988,22534490.0,2017,11,10
2017-11-13,423.0,427.5,416.100006,418.100006,418.100006,9857544.0,2017,11,13
2017-11-14,418.549988,421.850006,410.649994,414.299988,414.299988,8987515.0,2017,11,14
2017-11-15,414.299988,417.549988,407.0,408.649994,408.649994,9867270.0,2017,11,15
2017-11-16,411.350006,415.899994,411.350006,413.450012,413.450012,6291441.0,2017,11,16
2017-11-17,419.450012,423.450012,417.0,421.799988,421.799988,6191428.0,2017,11,17
2017-11-20,421.0,425.700012,420.100006,423.0,423.0,4051153.0,2017,11,20
2017-11-21,424.450012,430.0,422.5,424.25,424.25,6745407.0,2017,11,21
2017-11-22,425.450012,433.0,424.5,428.600006,428.600006,7899417.0,2017,11,22
2017-11-23,428.600006,431.049988,422.450012,426.25,426.25,7374216.0,2017,11,23
2017-11-24,427.0,429.950012,424.25,425.5,425.5,5108182.0,2017,11,24
2017-11-27,423.0,424.75,417.799988,421.399994,421.399994,7946028.0,2017,11,27
2017-11-28,419.799988,422.25,414.5,415.950012,415.950012,6217480.0,2017,11,28
2017-11-29,415.899994,419.450012,412.049988,413.950012,413.950012,4327453.0,2017,11,29
2017-11-30,410.399994,412.25,402.25,404.149994,404.149994,25646262.0,2017,11,30
2017-12-01,407.899994,410.25,396.5,398.899994,398.899994,7959197.0,2017,12,1
2017-12-04,405.799988,411.25,401.700012,403.649994,403.649994,10043491.0,2017,12,4
2017-12-05,404.549988,405.5,396.549988,402.25,402.25,7144542.0,2017,12,5
2017-12-06,400.200012,404.0,395.0,397.049988,397.049988,5573968.0,2017,12,6
2017-12-07,398.0,405.299988,397.149994,402.0,402.0,7998863.0,2017,12,7
2017-12-08,406.0,413.75,406.0,411.149994,411.149994,12288946.0,2017,12,8
2017-12-11,412.0,415.200012,409.049988,410.149994,410.149994,5066242.0,2017,12,11
2017-12-12,411.549988,415.5,405.950012,406.850006,406.850006,6151197.0,2017,12,12
2017-12-13,407.0,409.850006,400.0,401.950012,401.950012,5140689.0,2017,12,13
2017-12-14,404.0,404.549988,398.200012,402.399994,402.399994,4674026.0,2017,12,14
2017-12-15,406.5,409.0,404.200012,405.100006,405.100006,5614113.0,2017,12,15
2017-12-18,399.0,409.899994,389.299988,405.799988,405.799988,5356208.0,2017,12,18
2017-12-19,407.350006,421.700012,407.350006,420.100006,420.100006,9686883.0,2017,12,19
2017-12-20,421.950012,427.75,419.25,422.600006,422.600006,11191127.0,2017,12,20
2017-12-21,424.0,426.049988,419.549988,420.799988,420.799988,4885225.0,2017,12,21
2017-12-22,422.049988,426.399994,420.899994,422.0,422.0,5345261.0,2017,12,22
2017-12-26,422.0,425.149994,421.149994,424.200012,424.200012,3700655.0,2017,12,26
2017-12-27,423.5,428.450012,420.299988,422.450012,422.450012,3673355.0,2017,12,27
2017-12-28,423.5,423.700012,416.0,418.600006,418.600006,5018893.0,2017,12,28
2017-12-29,418.0,433.450012,417.149994,431.850006,431.850006,8640908.0,2017,12,29
2018-01-01,430.950012,436.399994,422.25,424.450012,424.450012,6807536.0,2018,1,1
2018-01-02,428.850006,440.850006,422.0,439.299988,439.299988,15331261.0,2018,1,2
2018-01-03,440.399994,441.399994,431.950012,433.899994,433.899994,9794953.0,2018,1,3
2018-01-04,430.0,433.299988,425.75,429.950012,429.950012,8395377.0,2018,1,4
2018-01-05,431.25,436.350006,429.799988,431.600006,431.600006,7021611.0,2018,1,5
2018-01-08,432.0,436.200012,431.649994,433.549988,433.549988,4635214.0,2018,1,8
2018-01-09,434.25,443.5,433.0,437.549988,437.549988,12629045.0,2018,1,9
2018-01-10,438.0,439.299988,431.299988,433.299988,433.299988,4702579.0,2018,1,10
2018-01-11,433.5,437.600006,432.899994,434.75,434.75,4564895.0,2018,1,11
2018-01-12,437.0,441.450012,432.100006,437.100006,437.100006,7408870.0,2018,1,12
2018-01-15,438.049988,440.049988,431.049988,432.350006,432.350006,4042775.0,2018,1,15
2018-01-16,433.0,435.200012,419.5,421.899994,421.899994,5623745.0,2018,1,16
2018-01-17,422.049988,424.5,410.100006,422.950012,422.950012,10204447.0,2018,1,17
2018-01-18,424.0,428.299988,414.450012,418.950012,418.950012,9579830.0,2018,1,18
2018-01-19,415.200012,421.950012,415.049988,418.049988,418.049988,3894062.0,2018,1,19
2018-01-22,419.049988,424.399994,418.450012,421.899994,421.899994,4643782.0,2018,1,22
2018-01-23,422.799988,422.799988,414.75,418.0,418.0,6185011.0,2018,1,23
2018-01-24,416.0,416.25,402.649994,403.600006,403.600006,10789570.0,2018,1,24
2018-01-25,403.450012,407.649994,398.0,400.299988,400.299988,16312167.0,2018,1,25
2018-01-29,402.5,405.899994,398.100006,399.25,399.25,5789602.0,2018,1,29
2018-01-30,400.0,402.299988,395.0,395.850006,395.850006,6963005.0,2018,1,30
2018-01-31,395.5,400.950012,395.25,399.5,399.5,5111454.0,2018,1,31
2018-02-01,399.899994,403.799988,390.549988,393.649994,393.649994,7259426.0,2018,2,1
2018-02-02,392.0,397.399994,381.299988,383.75,383.75,10070356.0,2018,2,2
2018-02-05,381.0,398.0,380.0,395.799988,395.799988,9876017.0,2018,2,5
2018-02-06,363.0,379.850006,356.5,375.450012,375.450012,25294860.0,2018,2,6
2018-02-07,380.399994,385.399994,375.200012,377.799988,377.799988,12706795.0,2018,2,7
2018-02-08,379.899994,380.0,372.200012,374.850006,374.850006,12452396.0,2018,2,8
2018-02-09,369.899994,373.200012,368.0,368.75,368.75,8816777.0,2018,2,9
2018-02-12,373.399994,376.200012,370.200012,371.799988,371.799988,6002369.0,2018,2,12
2018-02-14,372.899994,382.299988,370.600006,376.850006,376.850006,9623436.0,2018,2,14
2018-02-15,379.799988,382.200012,373.100006,375.799988,375.799988,10225880.0,2018,2,15
2018-02-16,378.0,379.399994,367.600006,370.75,370.75,8545282.0,2018,2,16
2018-02-19,373.700012,374.700012,362.799988,368.75,368.75,5658765.0,2018,2,19
2018-02-20,370.350006,370.899994,366.5,369.299988,369.299988,3972114.0,2018,2,20
2018-02-21,372.5,372.5,362.850006,364.450012,364.450012,8640166.0,2018,2,21
2018-02-22,363.0,363.0,357.5,358.5,358.5,10870704.0,2018,2,22
2018-02-23,360.100006,364.600006,358.75,360.200012,360.200012,6751064.0,2018,2,23
2018-02-26,362.0,373.5,362.0,372.049988,372.049988,10576794.0,2018,2,26
2018-02-27,375.0,376.600006,370.350006,372.549988,372.549988,6156672.0,2018,2,27
2018-02-28,370.0,373.649994,367.149994,369.899994,369.899994,8009429.0,2018,2,28
2018-03-01,369.75,376.299988,369.049988,370.75,370.75,6991806.0,2018,3,1
2018-03-05,368.75,368.75,350.100006,352.049988,352.049988,14665325.0,2018,3,5
2018-03-06,355.149994,357.950012,345.0,346.5,346.5,8876632.0,2018,3,6
2018-03-07,345.0,355.299988,343.25,347.799988,347.799988,15599393.0,2018,3,7
2018-03-08,350.799988,351.899994,341.049988,345.149994,345.149994,7674221.0,2018,3,8
2018-03-09,345.549988,348.700012,340.149994,341.5,341.5,5519224.0,2018,3,9
2018-03-12,345.0,353.799988,340.350006,352.600006,352.600006,8238960.0,2018,3,12
2018-03-13,352.600006,356.450012,350.0,353.149994,353.149994,6184241.0,2018,3,13
2018-03-14,351.0,354.899994,349.600006,354.049988,354.049988,3820313.0,2018,3,14
2018-03-15,354.049988,358.399994,351.100006,353.100006,353.100006,4331145.0,2018,3,15
2018-03-16,352.049988,352.600006,338.399994,339.75,339.75,14205582.0,2018,3,16
2018-03-19,341.200012,342.100006,332.549988,335.700012,335.700012,9391347.0,2018,3,19
2018-03-20,335.5,340.399994,333.549988,338.799988,338.799988,5080453.0,2018,3,20
2018-03-21,339.899994,342.25,332.25,333.850006,333.850006,6812442.0,2018,3,21
2018-03-22,338.5,340.25,334.799988,338.200012,338.200012,9255091.0,2018,3,22
2018-03-23,330.0,334.799988,329.600006,330.850006,330.850006,8578297.0,2018,3,23
2018-03-26,328.799988,333.899994,324.299988,332.350006,332.350006,8907023.0,2018,3,26
2018-03-27,333.950012,335.799988,330.100006,331.149994,331.149994,6822448.0,2018,3,27
2018-03-28,331.5,333.649994,325.200012,326.850006,326.850006,10975624.0,2018,3,28
2018-04-02,335.0,340.799988,332.700012,339.149994,339.149994,9874486.0,2018,4,2
2018-04-03,338.399994,344.5,337.149994,343.100006,343.100006,6989584.0,2018,4,3
2018-04-04,346.799988,363.700012,346.25,355.600006,355.600006,27157199.0,2018,4,4
2018-04-05,362.600006,372.350006,359.799988,362.200012,362.200012,28886070.0,2018,4,5
2018-04-06,362.0,368.350006,356.450012,364.100006,364.100006,13297051.0,2018,4,6
2018-04-09,361.899994,368.600006,357.0,358.299988,358.299988,9555113.0,2018,4,9
2018-04-10,360.5,362.350006,351.5,353.25,353.25,8201215.0,2018,4,10
2018-04-11,355.0,357.149994,350.5,355.799988,355.799988,5622957.0,2018,4,11
2018-04-12,358.0,364.399994,357.0,358.399994,358.399994,13145938.0,2018,4,12
2018-04-13,357.899994,361.0,354.399994,357.049988,357.049988,5935628.0,2018,4,13
2018-04-16,350.799988,352.799988,337.549988,339.149994,339.149994,19157051.0,2018,4,16
2018-04-17,342.299988,344.200012,332.600006,336.450012,336.450012,14241074.0,2018,4,17
2018-04-18,338.200012,339.75,333.399994,334.799988,334.799988,6699271.0,2018,4,18
2018-04-19,336.5,337.0,332.5,334.25,334.25,7087115.0,2018,4,19
2018-04-20,335.950012,343.25,334.600006,336.0,336.0,11908652.0,2018,4,20
2018-04-23,335.950012,339.5,333.0,334.049988,334.049988,8056732.0,2018,4,23
2018-04-24,334.799988,335.0,330.600006,331.549988,331.549988,9210931.0,2018,4,24
2018-04-25,330.799988,334.0,327.75,328.600006,328.600006,6306039.0,2018,4,25
2018-04-26,329.899994,335.950012,326.0,330.25,330.25,16647689.0,2018,4,26
2018-04-27,333.0,337.649994,331.049988,336.899994,336.899994,8804236.0,2018,4,27
2018-04-30,338.5,342.75,337.25,340.399994,340.399994,5937740.0,2018,4,30
2018-05-02,349.200012,351.649994,335.0,336.049988,336.049988,16022148.0,2018,5,2
2018-05-03,335.5,335.899994,329.149994,333.5,333.5,6870513.0,2018,5,3
2018-05-04,333.75,337.299988,329.5,334.399994,334.399994,6660062.0,2018,5,4
2018-05-07,337.850006,337.850006,333.700012,335.149994,335.149994,3888627.0,2018,5,7
2018-05-08,336.299988,336.600006,330.25,332.149994,332.149994,8114997.0,2018,5,8
2018-05-09,331.0,347.25,331.0,341.950012,341.950012,19019847.0,2018,5,9
2018-05-10,343.75,343.75,332.75,333.600006,333.600006,11158000.0,2018,5,10
2018-05-11,334.0,334.0,330.0,330.799988,330.799988,7365579.0,2018,5,11
2018-05-14,333.0,333.0,323.0,323.600006,323.600006,8312976.0,2018,5,14
2018-05-15,324.0,324.049988,305.700012,310.100006,310.100006,15323964.0,2018,5,15
2018-05-16,309.950012,315.75,306.700012,310.25,310.25,12051269.0,2018,5,16
2018-05-17,313.100006,319.5,309.299988,314.899994,314.899994,10214660.0,2018,5,17
2018-05-18,314.75,315.0,303.5,304.600006,304.600006,11688577.0,2018,5,18
2018-05-21,304.75,307.200012,294.700012,295.899994,295.899994,11549490.0,2018,5,21
2018-05-22,296.549988,312.5,296.549988,307.700012,307.700012,17199292.0,2018,5,22
2018-05-23,311.100006,317.25,305.399994,309.450012,309.450012,17698475.0,2018,5,23
2018-05-24,300.0,307.649994,284.100006,288.649994,288.649994,46104103.0,2018,5,24
2018-05-25,290.399994,297.450012,286.25,294.149994,294.149994,19240172.0,2018,5,25
2018-05-28,293.75,299.899994,290.299988,296.299988,296.299988,8516862.0,2018,5,28
2018-05-29,296.799988,300.0,293.0,294.649994,294.649994,9816561.0,2018,5,29
2018-05-30,289.950012,292.25,286.149994,288.899994,288.899994,11649429.0,2018,5,30
2018-05-31,289.950012,290.850006,281.600006,282.5,282.5,28771987.0,2018,5,31
2018-06-01,284.5,290.350006,283.049988,287.200012,287.200012,15840810.0,2018,6,1
2018-06-04,292.5,293.850006,286.0,286.649994,286.649994,10835487.0,2018,6,4
2018-06-05,286.649994,288.25,283.600006,284.950012,284.950012,7456195.0,2018,6,5
2018-06-06,286.850006,296.899994,285.25,295.649994,295.649994,19754001.0,2018,6,6
2018-06-07,296.299988,306.899994,295.25,305.399994,305.399994,22839023.0,2018,6,7
2018-06-08,305.700012,315.549988,302.399994,309.950012,309.950012,27249374.0,2018,6,8
2018-06-11,310.899994,313.899994,306.649994,309.75,309.75,14650133.0,2018,6,11
2018-06-12,310.950012,313.649994,307.200012,307.799988,307.799988,7932388.0,2018,6,12
2018-06-13,309.200012,311.25,307.0,308.399994,308.399994,7280886.0,2018,6,13
2018-06-14,308.5,309.600006,303.799988,305.899994,305.899994,6532693.0,2018,6,14
2018-06-15,305.75,307.649994,300.549988,302.950012,302.950012,8224497.0,2018,6,15
2018-06-18,302.899994,311.0,302.100006,308.799988,308.799988,8787098.0,2018,6,18
2018-06-19,309.600006,312.799988,303.299988,305.049988,305.049988,10498362.0,2018,6,19
2018-06-20,304.899994,308.25,304.049988,305.600006,305.600006,6607472.0,2018,6,20
2018-06-21,307.899994,308.5,305.5,307.0,307.0,5085379.0,2018,6,21
2018-06-22,306.850006,308.899994,303.200012,308.0,308.0,6033095.0,2018,6,22
2018-06-25,306.299988,306.299988,287.600006,289.399994,289.399994,16392183.0,2018,6,25
2018-06-26,288.399994,288.399994,275.100006,276.850006,276.850006,30728620.0,2018,6,26
2018-06-27,278.5,279.5,270.0,271.049988,271.049988,19077416.0,2018,6,27
2018-06-28,272.0,272.649994,261.850006,263.350006,263.350006,19507165.0,2018,6,28
2018-06-29,265.450012,270.5,262.649994,269.299988,269.299988,14765516.0,2018,6,29
2018-07-02,276.0,276.049988,265.600006,266.700012,266.700012,16495647.0,2018,7,2
2018-07-03,269.5,271.5,267.200012,269.450012,269.450012,11484332.0,2018,7,3
2018-07-04,270.0,271.5,265.649994,267.049988,267.049988,7394858.0,2018,7,4
2018-07-05,263.5,263.75,252.550003,261.549988,261.549988,20820454.0,2018,7,5
2018-07-06,262.0,272.5,261.850006,270.850006,270.850006,19215897.0,2018,7,6
2018-07-09,274.600006,277.0,272.049988,273.5,273.5,9387556.0,2018,7,9
2018-07-10,274.899994,276.899994,272.899994,275.450012,275.450012,6351033.0,2018,7,10
2018-07-11,276.399994,276.399994,267.100006,267.799988,267.799988,7356582.0,2018,7,11
2018-07-12,269.600006,272.0,265.5,266.100006,266.100006,8573517.0,2018,7,12
2018-07-13,267.299988,269.399994,262.700012,263.600006,263.600006,8352827.0,2018,7,13
2018-07-16,260.5,260.799988,250.5,252.100006,252.100006,11067012.0,2018,7,16
2018-07-17,253.0,259.0,252.300003,257.950012,257.950012,6350966.0,2018,7,17
2018-07-18,259.450012,259.450012,247.300003,251.850006,251.850006,9348644.0,2018,7,18
2018-07-19,254.0,257.850006,251.199997,252.5,252.5,9556686.0,2018,7,19
2018-07-20,252.699997,254.0,251.0,253.399994,253.399994,6422014.0,2018,7,20
2018-07-23,254.949997,259.5,251.100006,258.75,258.75,8891743.0,2018,7,23
2018-07-24,258.75,263.75,257.100006,258.799988,258.799988,9906160.0,2018,7,24
2018-07-25,260.0,261.700012,256.100006,257.850006,257.850006,6721386.0,2018,7,25
2018-07-26,260.100006,263.0,257.5,258.25,258.25,8817721.0,2018,7,26
2018-07-27,259.100006,269.700012,258.549988,268.149994,268.149994,15275469.0,2018,7,27
2018-07-30,267.75,271.649994,266.200012,267.5,267.5,7801098.0,2018,7,30
2018-07-31,268.950012,270.450012,262.200012,264.100006,264.100006,10026055.0,2018,7,31
2018-08-01,250.0,268.0,250.0,265.049988,265.049988,53282545.0,2018,8,1
2018-08-02,263.450012,266.450012,258.700012,260.850006,260.850006,17421472.0,2018,8,2
2018-08-03,262.149994,263.850006,257.600006,258.450012,258.450012,9041836.0,2018,8,3
2018-08-06,259.950012,261.799988,252.5,254.050003,254.050003,11371744.0,2018,8,6
2018-08-07,255.199997,256.0,250.550003,251.600006,251.600006,14490727.0,2018,8,7
2018-08-08,253.5,258.25,251.850006,255.149994,255.149994,16125867.0,2018,8,8
2018-08-09,256.649994,260.399994,255.5,257.850006,257.850006,7777719.0,2018,8,9
2018-08-10,257.25,258.649994,249.550003,250.100006,250.100006,14606037.0,2018,8,10
2018-08-13,249.25,249.699997,243.100006,248.699997,248.699997,13877900.0,2018,8,13
2018-08-14,248.600006,249.850006,247.199997,248.800003,248.800003,9171033.0,2018,8,14
2018-08-16,245.800003,252.800003,245.25,251.300003,251.300003,14148347.0,2018,8,16
2018-08-17,253.699997,260.100006,253.0,258.25,258.25,16117660.0,2018,8,17
2018-08-20,261.850006,271.850006,259.200012,270.100006,270.100006,25576718.0,2018,8,20
2018-08-21,271.850006,274.700012,266.700012,268.799988,268.799988,19505584.0,2018,8,21
2018-08-23,269.200012,269.200012,256.0,256.899994,256.899994,18667622.0,2018,8,23
2018-08-24,257.0,258.649994,255.0,255.5,255.5,8703468.0,2018,8,24
2018-08-27,257.0,259.5,256.5,258.799988,258.799988,6127707.0,2018,8,27
2018-08-28,261.700012,263.25,259.049988,260.0,260.0,8506857.0,2018,8,28
2018-08-29,261.049988,263.5,261.0,261.700012,261.700012,5117552.0,2018,8,29
2018-08-30,262.299988,263.0,259.0,259.350006,259.350006,6333570.0,2018,8,30
2018-08-31,259.100006,268.25,258.100006,267.5,267.5,12360078.0,2018,8,31
2018-09-03,271.399994,273.0,265.25,266.600006,266.600006,14597832.0,2018,9,3
2018-09-04,270.5,270.799988,260.350006,261.950012,261.950012,14775900.0,2018,9,4
2018-09-05,261.0,271.0,255.399994,266.5,266.5,10084307.0,2018,9,5
2018-09-06,269.700012,272.0,263.850006,269.950012,269.950012,14736214.0,2018,9,6
2018-09-07,269.549988,279.899994,269.25,277.399994,277.399994,26189156.0,2018,9,7
2018-09-10,276.0,282.0,271.75,275.700012,275.700012,21322969.0,2018,9,10
2018-09-11,277.25,278.850006,265.700012,267.299988,267.299988,13444031.0,2018,9,11
2018-09-12,268.200012,268.200012,258.850006,262.399994,262.399994,14456273.0,2018,9,12
2018-09-14,265.0,269.600006,263.399994,266.600006,266.600006,10710620.0,2018,9,14
2018-09-17,263.350006,264.100006,259.649994,260.25,260.25,9461420.0,2018,9,17
2018-09-18,257.75,259.799988,250.600006,251.5,251.5,11554420.0,2018,9,18
2018-09-19,253.550003,255.0,251.0,252.600006,252.600006,7845650.0,2018,9,19
2018-09-21,255.050003,257.700012,228.850006,250.350006,250.350006,18547453.0,2018,9,21
2018-09-24,250.199997,251.0,239.350006,240.199997,240.199997,8889259.0,2018,9,24
2018-09-25,241.0,243.5,235.449997,240.800003,240.800003,9030367.0,2018,9,25
2018-09-26,242.300003,243.199997,229.550003,233.350006,233.350006,17810869.0,2018,9,26
2018-09-27,234.800003,236.550003,223.100006,225.25,225.25,17430781.0,2018,9,27
2018-09-28,227.899994,230.699997,219.5,223.699997,223.699997,14196824.0,2018,9,28
2018-10-01,225.0,230.449997,220.0,229.350006,229.350006,9743094.0,2018,10,1
2018-10-03,230.0,232.800003,225.800003,227.600006,227.600006,9094685.0,2018,10,3
2018-10-04,224.0,230.800003,221.75,223.25,223.25,13898979.0,2018,10,4
2018-10-05,222.75,226.449997,214.75,216.25,216.25,10471026.0,2018,10,5
2018-10-08,217.800003,218.5,208.100006,212.350006,212.350006,11854170.0,2018,10,8
2018-10-09,205.699997,206.0,170.300003,184.350006,184.350006,142760251.0,2018,10,9
2018-10-10,186.0,190.949997,185.050003,188.75,188.75,35670907.0,2018,10,10
2018-10-11,180.649994,187.75,178.0,182.949997,182.949997,19323517.0,2018,10,11
2018-10-12,185.949997,188.399994,182.600006,183.75,183.75,18014894.0,2018,10,12
2018-10-15,186.5,186.5,182.699997,184.350006,184.350006,11658409.0,2018,10,15
2018-10-16,185.199997,187.25,184.550003,185.850006,185.850006,9695745.0,2018,10,16
2018-10-17,187.600006,187.800003,179.100006,179.949997,179.949997,12004524.0,2018,10,17
2018-10-19,178.949997,179.75,174.0,174.699997,174.699997,10469358.0,2018,10,19
2018-10-22,176.399994,176.850006,170.050003,170.75,170.75,11721075.0,2018,10,22
2018-10-23,170.0,175.699997,169.550003,170.649994,170.649994,15588511.0,2018,10,23
2018-10-24,173.899994,175.0,169.0,170.649994,170.649994,15421903.0,2018,10,24
2018-10-25,168.949997,169.75,164.600006,165.350006,165.350006,14877057.0,2018,10,25
2018-10-26,166.0,172.800003,165.899994,168.5,168.5,19584723.0,2018,10,26
2018-10-29,169.949997,176.5,167.699997,175.350006,175.350006,14171750.0,2018,10,29
2018-10-30,177.0,181.5,176.050003,177.25,177.25,15602414.0,2018,10,30
2018-10-31,178.300003,180.0,173.449997,179.100006,179.100006,12579712.0,2018,10,31
2018-11-01,182.0,186.050003,178.199997,179.449997,179.449997,28947802.0,2018,11,1
2018-11-02,180.949997,191.850006,180.899994,190.300003,190.300003,29425248.0,2018,11,2
2018-11-05,191.300003,191.300003,186.649994,189.800003,189.800003,14818506.0,2018,11,5
2018-11-06,192.449997,199.949997,191.75,193.25,193.25,35339222.0,2018,11,6
2018-11-07,194.949997,195.75,193.350006,194.850006,194.850006,3932893.0,2018,11,7
2018-11-09,192.899994,200.75,192.0,195.25,195.25,22341961.0,2018,11,9
2018-11-12,194.449997,194.449997,185.199997,186.050003,186.050003,20789180.0,2018,11,12
2018-11-13,180.75,183.0,178.350006,179.5,179.5,22189598.0,2018,11,13
2018-11-14,180.5,183.0,176.25,176.800003,176.800003,15795883.0,2018,11,14
2018-11-15,178.0,182.699997,177.5,180.199997,180.199997,18740276.0,2018,11,15
2018-11-16,180.899994,181.850006,177.850006,179.899994,179.899994,10022823.0,2018,11,16
2018-11-19,180.600006,185.5,179.100006,184.600006,184.600006,14522581.0,2018,11,19
2018-11-20,184.050003,188.300003,183.199997,183.75,183.75,13114982.0,2018,11,20
2018-11-21,184.399994,186.75,183.75,184.149994,184.149994,8097107.0,2018,11,21
2018-11-22,185.5,186.149994,181.75,182.550003,182.550003,9135857.0,2018,11,22
2018-11-26,183.899994,184.449997,177.0,181.75,181.75,9865426.0,2018,11,26
2018-11-27,181.699997,184.550003,178.550003,180.050003,180.050003,11639680.0,2018,11,27
2018-11-28,181.0,181.350006,174.0,174.449997,174.449997,12504717.0,2018,11,28
2018-11-29,175.949997,179.350006,173.449997,177.25,177.25,20892744.0,2018,11,29
2018-11-30,172.0,174.899994,170.350006,171.949997,171.949997,18393012.0,2018,11,30
2018-12-03,173.25,176.449997,170.0,175.449997,175.449997,14068885.0,2018,12,3
2018-12-04,177.949997,178.75,175.300003,175.75,175.75,11481923.0,2018,12,4
2018-12-05,173.0,173.0,168.600006,169.199997,169.199997,14960527.0,2018,12,5
2018-12-06,168.5,168.699997,161.600006,162.649994,162.649994,15428019.0,2018,12,6
2018-12-07,162.25,164.199997,160.800003,162.399994,162.399994,13545006.0,2018,12,7
2018-12-10,159.899994,160.5,156.5,157.100006,157.100006,13520495.0,2018,12,10
2018-12-11,155.0,159.5,154.649994,158.100006,158.100006,12094881.0,2018,12,11
2018-12-12,159.5,167.100006,158.0,164.100006,164.100006,22461175.0,2018,12,12
2018-12-13,166.0,168.0,165.550003,166.850006,166.850006,12235499.0,2018,12,13
2018-12-14,166.0,168.399994,164.850006,166.949997,166.949997,10091732.0,2018,12,14
2018-12-17,167.25,175.949997,167.25,173.949997,173.949997,28526103.0,2018,12,17
2018-12-18,174.0,177.600006,173.100006,174.75,174.75,18015933.0,2018,12,18
2018-12-19,176.5,176.5,172.5,173.899994,173.899994,11540042.0,2018,12,19
2018-12-20,173.0,177.300003,171.75,176.399994,176.399994,15819006.0,2018,12,20
2018-12-21,177.0,180.5,175.149994,176.25,176.25,23742481.0,2018,12,21
2018-12-24,176.25,177.850006,171.5,172.5,172.5,11374468.0,2018,12,24
2018-12-26,171.449997,172.199997,167.600006,170.899994,170.899994,12044191.0,2018,12,26
2018-12-27,172.75,173.399994,167.699997,168.25,168.25,15231581.0,2018,12,27
2018-12-28,169.399994,172.199997,169.149994,170.850006,170.850006,8669584.0,2018,12,28
2018-12-31,172.449997,173.899994,171.75,172.699997,172.699997,8511388.0,2018,12,31
2019-01-01,173.5,174.199997,171.300003,173.449997,173.449997,6715543.0,2019,1,1
2019-01-02,170.600006,171.75,168.0,168.550003,168.550003,13410104.0,2019,1,2
2019-01-03,169.0,170.149994,165.100006,166.050003,166.050003,9321842.0,2019,1,3
2019-01-04,169.0,171.949997,168.5,170.949997,170.949997,17650435.0,2019,1,4
2019-01-07,173.199997,178.199997,173.199997,175.350006,175.350006,21438351.0,2019,1,7
2019-01-08,176.100006,180.5,176.100006,179.949997,179.949997,20128985.0,2019,1,8
2019-01-09,181.5,183.600006,180.199997,183.050003,183.050003,17468948.0,2019,1,9
2019-01-10,183.649994,186.850006,183.550003,185.75,185.75,16961888.0,2019,1,10
2019-01-11,186.550003,187.75,179.399994,180.300003,180.300003,25902974.0,2019,1,11
2019-01-14,180.300003,198.300003,177.449997,182.399994,182.399994,18935120.0,2019,1,14
2019-01-15,183.300003,185.800003,181.25,185.350006,185.350006,13536578.0,2019,1,15
2019-01-16,186.0,187.350006,184.050003,185.449997,185.449997,11874245.0,2019,1,16
2019-01-17,186.0,187.300003,183.399994,184.899994,184.899994,9365756.0,2019,1,17
2019-01-18,185.649994,185.649994,181.300003,183.300003,183.300003,6797621.0,2019,1,18
2019-01-21,184.300003,184.949997,180.649994,181.5,181.5,6918258.0,2019,1,21
2019-01-22,181.5,181.5,175.949997,180.850006,180.850006,9775717.0,2019,1,22
2019-01-23,181.699997,182.699997,178.550003,180.25,180.25,9778926.0,2019,1,23
2019-01-24,180.0,180.300003,173.699997,175.399994,175.399994,13461254.0,2019,1,24
2019-01-25,175.949997,178.899994,171.949997,173.25,173.25,12136892.0,2019,1,25
2019-01-28,173.300003,175.350006,169.399994,172.300003,172.300003,8167430.0,2019,1,28
2019-01-29,172.350006,174.899994,170.899994,173.600006,173.600006,6141180.0,2019,1,29
2019-01-30,174.300003,176.75,173.300003,174.600006,174.600006,7757847.0,2019,1,30
2019-01-31,175.800003,183.899994,175.800003,181.199997,181.199997,22277646.0,2019,1,31
2019-02-01,182.0,185.899994,179.550003,181.649994,181.649994,14931422.0,2019,2,1
2019-02-04,181.0,183.699997,178.199997,180.25,180.25,11854351.0,2019,2,4
2019-02-05,180.699997,181.149994,174.699997,175.800003,175.800003,12064426.0,2019,2,5
2019-02-06,176.0,179.449997,171.899994,178.5,178.5,10334594.0,2019,2,6
2019-02-07,179.0,185.0,178.899994,182.850006,182.850006,16152722.0,2019,2,7
2019-02-08,164.600006,164.600006,129.0,150.699997,150.699997,102256857.0,2019,2,8
2019-02-11,150.149994,153.25,145.850006,152.649994,152.649994,26161867.0,2019,2,11
2019-02-12,152.949997,154.399994,150.600006,151.800003,151.800003,14174912.0,2019,2,12
2019-02-14,155.949997,161.0,153.800003,159.850006,159.850006,16348306.0,2019,2,14
2019-02-15,159.800003,162.300003,153.149994,161.649994,161.649994,20705576.0,2019,2,15
2019-02-18,162.800003,163.449997,159.199997,162.899994,162.899994,13503666.0,2019,2,18
2019-02-19,164.0,165.949997,161.550003,163.75,163.75,14533142.0,2019,2,19
2019-02-20,164.449997,166.699997,163.75,164.800003,164.800003,11610728.0,2019,2,20
2019-02-21,165.600006,170.600006,165.100006,169.699997,169.699997,14811723.0,2019,2,21
2019-02-22,170.0,175.300003,167.850006,174.300003,174.300003,13011477.0,2019,2,22
2019-02-25,175.149994,177.5,173.5,175.75,175.75,15554532.0,2019,2,25
2019-02-26,173.0,183.449997,172.5,182.649994,182.649994,31859427.0,2019,2,26
2019-02-27,183.550003,186.100006,176.100006,177.350006,177.350006,19723906.0,2019,2,27
2019-02-28,180.0,181.550003,176.600006,177.449997,177.449997,18692372.0,2019,2,28
2019-03-01,178.649994,184.0,177.350006,180.300003,180.300003,20539919.0,2019,3,1
2019-03-05,183.800003,198.350006,181.399994,194.050003,194.050003,58138551.0,2019,3,5
2019-03-06,195.399994,195.399994,187.75,188.800003,188.800003,22468702.0,2019,3,6
2019-03-07,191.399994,193.449997,187.800003,189.300003,189.300003,27051501.0,2019,3,7
2019-03-08,187.800003,187.949997,180.0,181.199997,181.199997,28012914.0,2019,3,8
2019-03-11,182.0,184.600006,181.050003,181.850006,181.850006,25669662.0,2019,3,11
2019-03-12,184.399994,186.0,183.550003,184.800003,184.800003,18657724.0,2019,3,12
2019-03-13,184.449997,184.899994,180.399994,181.699997,181.699997,9769821.0,2019,3,13
2019-03-14,181.5,182.449997,177.649994,179.550003,179.550003,15737080.0,2019,3,14
2019-03-15,180.199997,181.399994,177.600006,180.0,180.0,17490993.0,2019,3,15
2019-03-18,181.0,184.699997,179.5,182.25,182.25,14690339.0,2019,3,18
2019-03-19,182.0,184.5,180.75,182.850006,182.850006,10318028.0,2019,3,19
2019-03-20,183.0,183.449997,179.600006,180.199997,180.199997,7543753.0,2019,3,20
2019-03-22,181.949997,182.0,174.899994,175.399994,175.399994,11505994.0,2019,3,22
2019-03-25,173.699997,173.800003,170.550003,171.300003,171.300003,11864723.0,2019,3,25
2019-03-26,171.899994,173.600006,171.600006,173.100006,173.100006,7820112.0,2019,3,26
2019-03-27,174.0,175.0,169.149994,169.850006,169.850006,10047628.0,2019,3,27
2019-03-28,169.0,171.399994,167.550003,170.550003,170.550003,13203927.0,2019,3,28
2019-04-01,176.350006,189.75,176.350006,187.350006,187.350006,46389181.0,2019,4,1
2019-04-02,188.050003,204.399994,185.300003,202.949997,202.949997,100834335.0,2019,4,2
2019-04-03,205.0,208.949997,199.199997,201.350006,201.350006,81779620.0,2019,4,3
2019-04-04,201.850006,206.899994,201.050003,206.149994,206.149994,41268908.0,2019,4,4
2019-04-05,208.0,209.5,202.300003,205.149994,205.149994,32057373.0,2019,4,5
2019-04-08,206.0,207.399994,198.800003,200.550003,200.550003,23877595.0,2019,4,8
2019-04-09,200.0,207.600006,198.149994,205.899994,205.899994,29611268.0,2019,4,9
2019-04-10,206.0,217.399994,205.600006,216.050003,216.050003,69349488.0,2019,4,10
2019-04-11,216.600006,219.199997,213.300003,218.199997,218.199997,41859862.0,2019,4,11
2019-04-12,218.949997,219.0,215.0,215.949997,215.949997,21788548.0,2019,4,12
2019-04-15,217.149994,233.25,217.149994,231.75,231.75,57283251.0,2019,4,15
2019-04-16,233.800003,234.100006,225.649994,230.5,230.5,41653657.0,2019,4,16
2019-04-18,231.899994,239.300003,230.600006,236.25,236.25,42451178.0,2019,4,18
2019-04-22,235.0,239.350006,231.699997,234.850006,234.850006,30282217.0,2019,4,22
2019-04-23,235.0,235.850006,230.25,231.649994,231.649994,18975358.0,2019,4,23
2019-04-24,231.649994,232.949997,217.600006,223.600006,223.600006,50317411.0,2019,4,24
2019-04-25,223.399994,225.899994,220.25,221.850006,221.850006,27132908.0,2019,4,25
2019-04-26,221.899994,221.899994,214.0,215.600006,215.600006,26038093.0,2019,4,26
2019-04-30,216.199997,218.649994,210.300003,214.300003,214.300003,21289116.0,2019,4,30
2019-05-02,211.0,212.649994,206.5,207.300003,207.300003,21986007.0,2019,5,2
2019-05-03,205.0,213.649994,203.050003,209.449997,209.449997,37153857.0,2019,5,3
2019-05-06,204.0,204.5,198.0,199.800003,199.800003,30117667.0,2019,5,6
2019-05-07,201.699997,202.850006,189.350006,190.949997,190.949997,30516908.0,2019,5,7
2019-05-08,190.0,190.899994,183.800003,185.100006,185.100006,28443735.0,2019,5,8
2019-05-09,184.300003,189.800003,182.300003,186.350006,186.350006,32841616.0,2019,5,9
2019-05-10,187.0,190.600006,184.300003,185.899994,185.899994,28910719.0,2019,5,10
2019-05-13,186.199997,187.149994,179.600006,180.75,180.75,15373536.0,2019,5,13
2019-05-14,178.25,186.050003,177.800003,184.5,184.5,21412933.0,2019,5,14
2019-05-15,185.550003,185.949997,167.399994,169.449997,169.449997,31427815.0,2019,5,15
2019-05-16,176.0,177.550003,172.800003,175.399994,175.399994,30308248.0,2019,5,16
2019-05-17,174.949997,177.699997,170.199997,176.850006,176.850006,21575989.0,2019,5,17
2019-05-20,181.449997,192.0,179.25,190.149994,190.149994,29873588.0,2019,5,20
2019-05-21,185.25,186.899994,174.050003,176.800003,176.800003,57822527.0,2019,5,21
2019-05-22,177.600006,180.399994,174.800003,179.100006,179.100006,25845734.0,2019,5,22
2019-05-23,182.850006,182.850006,173.5,175.149994,175.149994,22912106.0,2019,5,23
2019-05-24,177.0,183.5,175.350006,182.300003,182.300003,22494409.0,2019,5,24
2019-05-27,181.75,183.5,179.300003,181.350006,181.350006,14774311.0,2019,5,27
2019-05-28,181.350006,185.300003,179.800003,180.25,180.25,23272915.0,2019,5,28
2019-05-29,179.850006,180.0,175.350006,176.350006,176.350006,15222008.0,2019,5,29
2019-05-30,177.5,178.5,173.100006,175.149994,175.149994,18078726.0,2019,5,30
2019-05-31,177.800003,177.850006,170.0,172.600006,172.600006,21488115.0,2019,5,31
2019-06-03,170.5,175.0,168.399994,174.5,174.5,21288078.0,2019,6,3
2019-06-04,174.25,177.199997,172.399994,173.25,173.25,17428731.0,2019,6,4
2019-06-06,174.050003,175.850006,168.850006,169.699997,169.699997,16874819.0,2019,6,6
2019-06-07,169.899994,171.699997,167.25,169.5,169.5,14465703.0,2019,6,7
2019-06-10,170.899994,172.050003,163.550003,166.199997,166.199997,20209862.0,2019,6,10
2019-06-11,166.850006,171.899994,165.649994,170.75,170.75,20363493.0,2019,6,11
2019-06-12,170.899994,172.199997,168.100006,169.050003,169.050003,12819208.0,2019,6,12
2019-06-13,166.899994,168.899994,164.5,167.399994,167.399994,15144315.0,2019,6,13
2019-06-14,167.5,167.5,163.5,164.199997,164.199997,10920508.0,2019,6,14
2019-06-17,163.75,164.149994,158.0,158.75,158.75,14381813.0,2019,6,17
2019-06-18,159.0,161.0,156.75,158.300003,158.300003,14003043.0,2019,6,18
2019-06-19,160.0,163.75,152.5,154.649994,154.649994,25257018.0,2019,6,19
2019-06-20,153.449997,160.0,152.149994,159.25,159.25,19247947.0,2019,6,20
2019-06-21,155.0,160.75,154.5,158.899994,158.899994,23304207.0,2019,6,21
2019-06-24,158.699997,160.199997,156.199997,159.300003,159.300003,13185118.0,2019,6,24
2019-06-25,158.0,161.0,156.850006,160.449997,160.449997,13368928.0,2019,6,25
2019-06-26,160.100006,162.199997,158.75,161.100006,161.100006,18481332.0,2019,6,26
2019-06-27,161.850006,168.0,161.100006,165.850006,165.850006,26612983.0,2019,6,27
2019-06-28,165.199997,166.75,161.350006,162.550003,162.550003,15092229.0,2019,6,28
2019-07-01,163.699997,169.399994,163.199997,168.0,168.0,23990900.0,2019,7,1
2019-07-02,166.800003,167.350006,161.350006,163.75,163.75,16903683.0,2019,7,2
2019-07-03,163.75,165.0,161.699997,162.300003,162.300003,13606179.0,2019,7,3
2019-07-04,162.5,167.75,162.0,165.199997,165.199997,19512938.0,2019,7,4
2019-07-05,165.149994,166.949997,159.5,160.199997,160.199997,14374084.0,2019,7,5
2019-07-08,159.350006,159.5,153.5,154.550003,154.550003,15149035.0,2019,7,8
2019-07-09,154.0,157.149994,152.75,155.800003,155.800003,16112345.0,2019,7,9
2019-07-10,156.25,156.25,149.100006,151.649994,151.649994,31737846.0,2019,7,10
2019-07-11,153.0,157.699997,150.350006,156.800003,156.800003,24099895.0,2019,7,11
2019-07-12,155.899994,162.850006,154.0,159.300003,159.300003,27307153.0,2019,7,12
2019-07-15,159.0,162.600006,157.850006,160.949997,160.949997,19924720.0,2019,7,15
2019-07-16,159.800003,170.949997,159.050003,170.0,170.0,39025331.0,2019,7,16
2019-07-17,170.0,172.350006,166.300003,167.899994,167.899994,25236730.0,2019,7,17
2019-07-18,167.25,167.25,160.0,160.75,160.75,19055022.0,2019,7,18
2019-07-19,161.449997,162.399994,153.850006,154.850006,154.850006,18954216.0,2019,7,19
2019-07-22,155.449997,159.300003,155.25,156.75,156.75,15995349.0,2019,7,22
2019-07-23,157.399994,159.0,154.800003,156.199997,156.199997,12942555.0,2019,7,23
2019-07-24,156.350006,157.550003,150.5,151.25,151.25,16292964.0,2019,7,24
2019-07-25,151.300003,152.5,143.75,144.300003,144.300003,34364032.0,2019,7,25
2019-07-26,138.100006,150.149994,138.100006,147.149994,147.149994,83905651.0,2019,7,26
2019-07-29,146.899994,146.899994,136.850006,137.550003,137.550003,38844222.0,2019,7,29
2019-07-30,138.0,139.699997,132.600006,133.449997,133.449997,35725524.0,2019,7,30
2019-07-31,133.5,136.399994,132.5,135.600006,135.600006,27024859.0,2019,7,31
2019-08-01,135.5,136.300003,127.550003,129.550003,129.550003,38991424.0,2019,8,1
2019-08-02,128.5,133.199997,127.0,130.699997,130.699997,44016138.0,2019,8,2
2019-08-05,128.0,128.199997,122.300003,123.75,123.75,35452262.0,2019,8,5
2019-08-06,123.050003,126.550003,121.75,122.5,122.5,34790369.0,2019,8,6
2019-08-07,122.599998,123.849998,116.5,117.400002,117.400002,37287779.0,2019,8,7
2019-08-08,118.0,125.0,116.900002,124.050003,124.050003,35876237.0,2019,8,8
2019-08-09,124.5,126.5,120.699997,122.050003,122.050003,39245417.0,2019,8,9
2019-08-13,123.800003,126.300003,121.0,121.949997,121.949997,35498118.0,2019,8,13
2019-08-14,122.699997,123.800003,118.599998,120.900002,120.900002,30136178.0,2019,8,14
2019-08-16,119.900002,122.449997,117.349998,121.349998,121.349998,35264621.0,2019,8,16
2019-08-19,121.199997,122.599998,120.0,120.800003,120.800003,23194786.0,2019,8,19
2019-08-20,120.0,124.800003,119.0,123.849998,123.849998,34809225.0,2019,8,20
2019-08-21,123.0,123.0,109.5,112.400002,112.400002,83509593.0,2019,8,21
2019-08-22,112.0,114.0,106.199997,107.699997,107.699997,58612708.0,2019,8,22
2019-08-23,108.900002,111.599998,107.650002,111.050003,111.050003,41178606.0,2019,8,23
2019-08-26,114.550003,115.400002,106.800003,110.550003,110.550003,47757623.0,2019,8,26
2019-08-27,112.699997,121.400002,111.800003,120.349998,120.349998,70636441.0,2019,8,27
2019-08-28,120.550003,124.0,114.800003,116.349998,116.349998,74245952.0,2019,8,28
2019-08-29,116.5,118.5,112.099998,114.300003,114.300003,48098849.0,2019,8,29
2019-08-30,115.599998,117.300003,112.0,116.699997,116.699997,42250518.0,2019,8,30
2019-09-03,113.050003,115.349998,111.199997,112.650002,112.650002,36905736.0,2019,9,3
2019-09-04,112.0,113.0,106.0,109.5,109.5,76317447.0,2019,9,4
2019-09-05,109.75,119.349998,109.5,118.050003,118.050003,75789807.0,2019,9,5
2019-09-06,118.349998,122.300003,116.550003,121.25,121.25,67761586.0,2019,9,6
2019-09-09,119.0,122.599998,117.349998,121.900002,121.900002,51297512.0,2019,9,9
2019-09-11,127.0,135.0,125.300003,134.350006,134.350006,96568372.0,2019,9,11
2019-09-12,134.600006,135.350006,126.699997,127.949997,127.949997,72084195.0,2019,9,12
2019-09-13,129.199997,130.949997,125.5,129.550003,129.550003,69088728.0,2019,9,13
2019-09-16,128.0,130.300003,126.5,128.600006,128.600006,40951047.0,2019,9,16
2019-09-17,129.0,130.5,121.349998,122.0,122.0,47652658.0,2019,9,17
2019-09-18,123.050003,125.900002,120.5,121.75,121.75,53048836.0,2019,9,18
2019-09-19,123.5,125.349998,121.199997,124.199997,124.199997,51011848.0,2019,9,19
2019-09-20,125.0,137.75,122.599998,133.25,133.25,89223235.0,2019,9,20
2019-09-23,135.0,138.399994,126.5,127.900002,127.900002,51032391.0,2019,9,23
2019-09-24,128.050003,132.199997,128.0,130.899994,130.899994,41659100.0,2019,9,24
2019-09-25,129.899994,129.899994,121.5,123.050003,123.050003,47567575.0,2019,9,25
2019-09-26,123.900002,127.25,122.800003,124.5,124.5,45866398.0,2019,9,26
2019-09-27,122.0,122.449997,118.199997,119.900002,119.900002,45875793.0,2019,9,27
2019-09-30,120.650002,120.849998,116.400002,117.449997,117.449997,32158885.0,2019,9,30
2019-10-01,118.0,119.849998,113.0,115.300003,115.300003,40232789.0,2019,10,1
2019-10-03,112.650002,123.5,112.650002,122.400002,122.400002,65103359.0,2019,10,3
2019-10-04,122.800003,123.800003,118.800003,119.650002,119.650002,35712218.0,2019,10,4
2019-10-07,120.25,120.550003,116.349998,117.5,117.5,35471184.0,2019,10,7
2019-10-09,118.5,121.699997,115.449997,120.900002,120.900002,44666296.0,2019,10,9
2019-10-10,119.300003,119.699997,116.199997,116.800003,116.800003,31229192.0,2019,10,10
2019-10-11,118.050003,122.199997,117.25,121.300003,121.300003,41027561.0,2019,10,11
2019-10-14,122.599998,130.0,122.5,127.849998,127.849998,68048611.0,2019,10,14
2019-10-15,127.099998,128.899994,123.699997,126.949997,126.949997,57548920.0,2019,10,15
2019-10-16,127.300003,128.300003,124.5,125.849998,125.849998,31522518.0,2019,10,16
2019-10-17,127.099998,144.350006,125.099998,139.5,139.5,67933615.0,2019,10,17
2019-10-18,139.0,141.800003,135.600006,136.850006,136.850006,64884113.0,2019,10,18
2019-10-22,133.350006,135.600006,129.800003,131.75,131.75,53532482.0,2019,10,22
2019-10-23,130.449997,133.800003,127.25,132.649994,132.649994,50293574.0,2019,10,23
2019-10-24,133.0,135.149994,130.5,133.5,133.5,41951668.0,2019,10,24
2019-10-25,132.0,133.0,125.699997,126.849998,126.849998,42868958.0,2019,10,25
2019-10-29,151.899994,175.5,151.199997,172.449997,172.449997,184435614.0,2019,10,29
2019-10-30,175.0,175.649994,166.550003,171.899994,171.899994,90759545.0,2019,10,30
2019-10-31,169.800003,179.649994,168.949997,177.699997,177.699997,81392641.0,2019,10,31
2019-11-01,175.199997,178.0,172.399994,175.050003,175.050003,40613555.0,2019,11,1
2019-11-04,171.600006,178.449997,170.850006,172.199997,172.199997,40641411.0,2019,11,4
2019-11-05,173.25,175.75,169.949997,172.0,172.0,36268596.0,2019,11,5
2019-11-06,172.0,176.350006,170.5,174.5,174.5,28923778.0,2019,11,6
2019-11-07,174.699997,174.699997,167.600006,171.5,171.5,38625387.0,2019,11,7
2019-11-08,170.75,178.899994,167.800003,169.050003,169.050003,39102947.0,2019,11,8
2019-11-11,169.199997,172.949997,169.050003,172.0,172.0,22192924.0,2019,11,11
2019-11-13,171.5,176.0,169.399994,170.600006,170.600006,33926248.0,2019,11,13
2019-11-14,170.199997,170.300003,165.5,167.050003,167.050003,25433481.0,2019,11,14
2019-11-15,169.0,173.399994,167.350006,168.550003,168.550003,29614682.0,2019,11,15
2019-11-18,172.100006,172.100006,169.25,170.100006,170.100006,19053232.0,2019,11,18
2019-11-19,170.800003,171.75,167.100006,167.75,167.75,19599195.0,2019,11,19
2019-11-20,167.75,170.199997,166.199997,167.399994,167.399994,19504078.0,2019,11,20
2019-11-21,166.949997,170.100006,163.0,164.149994,164.149994,21609120.0,2019,11,21
2019-11-22,164.899994,165.25,160.550003,162.350006,162.350006,21200979.0,2019,11,22
2019-11-25,160.699997,166.600006,159.899994,166.100006,166.100006,26131453.0,2019,11,25
2019-11-26,166.649994,167.300003,162.550003,163.399994,163.399994,25520822.0,2019,11,26
2019-11-27,165.300003,169.300003,165.0,165.899994,165.899994,29527702.0,2019,11,27
2019-11-28,165.75,166.300003,163.550003,164.800003,164.800003,16609775.0,2019,11,28
2019-11-29,164.800003,167.75,160.600006,161.5,161.5,20010205.0,2019,11,29
2019-12-02,160.949997,163.0,158.949997,161.050003,161.050003,19441998.0,2019,12,2
2019-12-03,162.949997,162.949997,157.399994,158.199997,158.199997,21156471.0,2019,12,3
2019-12-04,158.5,170.350006,157.699997,169.399994,169.399994,72084687.0,2019,12,4
2019-12-05,170.350006,172.199997,165.199997,166.100006,166.100006,31787128.0,2019,12,5
2019-12-06,167.0,168.0,160.050003,161.5,161.5,27727162.0,2019,12,6
2019-12-09,162.0,166.449997,159.75,160.5,160.5,30920409.0,2019,12,9
2019-12-10,162.149994,163.25,159.050003,159.699997,159.699997,26259395.0,2019,12,10
2019-12-11,160.399994,163.0,157.399994,161.800003,161.800003,21154277.0,2019,12,11
2019-12-12,163.449997,174.899994,162.5,173.350006,173.350006,66138915.0,2019,12,12
2019-12-13,177.25,183.949997,175.5,176.699997,176.699997,93019636.0,2019,12,13
2019-12-16,177.0,178.800003,173.350006,174.949997,174.949997,26249975.0,2019,12,16
2019-12-17,176.0,181.149994,175.350006,180.199997,180.199997,38213263.0,2019,12,17
2019-12-18,182.100006,184.5,170.449997,174.800003,174.800003,63861334.0,2019,12,18
2019-12-19,174.649994,180.199997,174.0,179.149994,179.149994,53466924.0,2019,12,19
2019-12-20,180.399994,181.699997,174.850006,175.949997,175.949997,48818008.0,2019,12,20
2019-12-23,176.850006,179.0,174.149994,176.050003,176.050003,27192195.0,2019,12,23
2019-12-24,177.649994,178.0,174.649994,175.5,175.5,20560311.0,2019,12,24
2019-12-26,175.899994,176.449997,174.100006,174.600006,174.600006,18785333.0,2019,12,26
2019-12-27,176.0,176.949997,174.850006,176.149994,176.149994,12095797.0,2019,12,27
2019-12-30,177.199997,184.350006,176.300003,183.699997,183.699997,40948394.0,2019,12,30
2019-12-31,184.0,187.899994,181.550003,185.149994,185.149994,52869996.0,2019,12,31
2020-01-01,185.149994,186.699997,183.600006,184.449997,184.449997,25968357.0,2020,1,1
2020-01-02,185.0,194.699997,184.600006,193.75,193.75,57289863.0,2020,1,2
2020-01-03,192.899994,195.649994,189.25,191.100006,191.100006,47572728.0,2020,1,3
2020-01-06,191.0,191.0,185.050003,185.649994,185.649994,28621212.0,2020,1,6
2020-01-07,187.0,189.399994,182.300003,184.699997,184.699997,34995035.0,2020,1,7
2020-01-08,180.199997,184.199997,180.199997,182.550003,182.550003,21862695.0,2020,1,8
2020-01-09,184.850006,192.75,184.25,192.0,192.0,40803142.0,2020,1,9
2020-01-10,192.0,199.0,190.0,196.350006,196.350006,60252338.0,2020,1,10
2020-01-13,194.75,197.75,191.399994,196.25,196.25,40535961.0,2020,1,13
2020-01-14,195.699997,198.25,193.600006,195.850006,195.850006,29867542.0,2020,1,14
2020-01-15,195.0,201.699997,194.0,200.350006,200.350006,38485962.0,2020,1,15
2020-01-16,199.5,200.600006,196.899994,197.550003,197.550003,28118140.0,2020,1,16
2020-01-17,197.25,199.449997,195.699997,197.300003,197.300003,18204088.0,2020,1,17
2020-01-20,198.0,201.449997,194.300003,195.0,195.0,28976013.0,2020,1,20
2020-01-21,195.5,196.399994,190.199997,191.399994,191.399994,20859400.0,2020,1,21
2020-01-22,191.949997,192.5,184.25,185.600006,185.600006,32952072.0,2020,1,22
2020-01-23,186.75,190.399994,183.800003,188.399994,188.399994,33032086.0,2020,1,23
2020-01-24,188.0,191.0,185.0,186.5,186.5,21791825.0,2020,1,24
2020-01-27,185.699997,186.899994,180.850006,182.199997,182.199997,30132428.0,2020,1,27
2020-01-28,183.899994,184.300003,174.899994,176.100006,176.100006,38283588.0,2020,1,28
2020-01-29,178.800003,188.899994,178.550003,188.050003,188.050003,61585660.0,2020,1,29
2020-01-30,190.949997,192.550003,184.25,186.199997,186.199997,70900581.0,2020,1,30
2020-01-31,186.300003,188.350006,175.949997,176.600006,176.600006,75621897.0,2020,1,31
2020-02-03,163.5,168.300003,159.550003,163.850006,163.850006,66616190.0,2020,2,3
2020-02-04,166.550003,168.600006,161.199997,165.699997,165.699997,49034642.0,2020,2,4
2020-02-05,167.399994,184.949997,166.600006,183.75,183.75,92982265.0,2020,2,5
2020-02-06,182.0,183.399994,175.75,178.850006,178.850006,61821140.0,2020,2,6
2020-02-07,177.399994,178.149994,173.0,173.600006,173.600006,45195760.0,2020,2,7
2020-02-10,173.199997,173.199997,168.0,168.899994,168.899994,33279372.0,2020,2,10
2020-02-11,171.850006,175.149994,168.399994,169.75,169.75,42868276.0,2020,2,11
2020-02-12,173.0,173.300003,169.0,170.949997,170.949997,34621395.0,2020,2,12
2020-02-13,171.350006,172.350006,168.100006,169.5,169.5,25049848.0,2020,2,13
2020-02-14,172.0,176.199997,168.300003,169.100006,169.100006,56676430.0,2020,2,14
2020-02-17,170.399994,171.350006,166.350006,169.100006,169.100006,32893274.0,2020,2,17
2020-02-18,168.0,168.0,158.600006,161.600006,161.600006,52744122.0,2020,2,18
2020-02-19,162.850006,164.600006,153.050003,158.050003,158.050003,78914233.0,2020,2,19
2020-02-20,157.949997,162.300003,156.0,158.5,158.5,54328194.0,2020,2,20
2020-02-24,154.0,155.899994,149.600006,150.649994,150.649994,39706007.0,2020,2,24
2020-02-25,152.199997,153.399994,147.449997,149.899994,149.899994,52719851.0,2020,2,25
2020-02-26,146.899994,147.899994,143.699997,144.550003,144.550003,47605927.0,2020,2,26
2020-02-27,144.149994,146.75,141.100006,145.25,145.25,51328153.0,2020,2,27
2020-02-28,138.850006,139.600006,127.050003,128.949997,128.949997,94469619.0,2020,2,28
2020-03-02,133.0,133.899994,123.800003,125.400002,125.400002,111585697.0,2020,3,2
2020-03-03,127.5,131.399994,125.25,130.350006,130.350006,86765576.0,2020,3,3
2020-03-04,129.600006,129.600006,120.550003,126.199997,126.199997,97546902.0,2020,3,4
2020-03-05,127.550003,129.149994,124.25,125.75,125.75,87795649.0,2020,3,5
2020-03-06,115.0,117.300003,112.800003,114.199997,114.199997,83971462.0,2020,3,6
2020-03-09,109.0,109.849998,104.25,105.699997,105.699997,81549809.0,2020,3,9
2020-03-11,104.849998,106.5,97.800003,98.900002,98.900002,111146790.0,2020,3,11
2020-03-12,91.099998,94.900002,84.099998,88.0,88.0,143550830.0,2020,3,12
2020-03-13,81.900002,94.150002,78.050003,89.75,89.75,106151311.0,2020,3,13
2020-03-16,85.599998,87.650002,82.199997,82.949997,82.949997,73702778.0,2020,3,16
2020-03-17,83.050003,85.0,77.400002,77.949997,77.949997,71842549.0,2020,3,17
2020-03-18,79.900002,80.449997,75.099998,75.5,75.5,70105052.0,2020,3,18
2020-03-19,70.0,76.5,68.75,72.949997,72.949997,68122549.0,2020,3,19
2020-03-20,74.0,79.599998,72.650002,77.300003,77.300003,86043342.0,2020,3,20
2020-03-23,70.0,72.0,66.0,66.199997,66.199997,34184325.0,2020,3,23
2020-03-24,69.900002,71.5,63.5,68.550003,68.550003,49551990.0,2020,3,24
2020-03-25,67.75,71.699997,67.25,70.25,70.25,57713806.0,2020,3,25
2020-03-26,71.449997,73.5,68.300003,70.800003,70.800003,63821068.0,2020,3,26
2020-03-27,72.050003,75.900002,69.349998,70.699997,70.699997,58814757.0,2020,3,27
2020-03-30,68.800003,70.0,67.25,68.150002,68.150002,35278010.0,2020,3,30
2020-03-31,70.599998,71.5,68.199997,71.050003,71.050003,46157286.0,2020,3,31
2020-04-01,70.5,71.650002,67.550003,67.949997,67.949997,38149007.0,2020,4,1
2020-04-03,66.900002,66.900002,64.800003,65.300003,65.300003,35346301.0,2020,4,3
2020-04-07,68.550003,69.300003,66.900002,67.25,67.25,42066469.0,2020,4,7
2020-04-08,66.5,71.599998,65.400002,67.599998,67.599998,82179303.0,2020,4,8
2020-04-09,69.599998,76.25,69.099998,74.599998,74.599998,112677273.0,2020,4,9
2020-04-13,76.0,77.599998,72.699997,74.25,74.25,70409900.0,2020,4,13
2020-04-15,75.400002,78.699997,71.949997,72.900002,72.900002,81121081.0,2020,4,15
2020-04-16,71.75,75.400002,71.0,74.650002,74.650002,47910164.0,2020,4,16
2020-04-17,78.300003,78.300003,74.699997,76.849998,76.849998,58333485.0,2020,4,17
2020-04-20,76.849998,83.400002,75.5,80.449997,80.449997,125425355.0,2020,4,20
2020-04-21,78.0,78.0,74.0,74.650002,74.650002,58248325.0,2020,4,21
2020-04-22,74.449997,76.550003,72.550003,75.900002,75.900002,56529293.0,2020,4,22
2020-04-23,76.75,78.650002,75.400002,75.650002,75.650002,50366856.0,2020,4,23
2020-04-24,75.0,76.900002,74.0,74.199997,74.199997,40047438.0,2020,4,24
2020-04-27,75.900002,76.199997,74.800003,75.25,75.25,27835340.0,2020,4,27
2020-04-28,75.650002,78.199997,75.199997,76.949997,76.949997,34825405.0,2020,4,28
2020-04-29,77.449997,79.300003,76.550003,78.150002,78.150002,40784783.0,2020,4,29
2020-04-30,85.949997,93.75,85.949997,93.25,93.25,170634033.0,2020,4,30
2020-05-04,87.0,87.199997,81.5,83.900002,83.900002,91159477.0,2020,5,4
2020-05-05,86.0,86.800003,80.400002,80.900002,80.900002,57122148.0,2020,5,5
2020-05-06,81.550003,83.949997,80.349998,83.199997,83.199997,53739248.0,2020,5,6
2020-05-07,82.900002,84.650002,82.099998,82.5,82.5,31159970.0,2020,5,7
2020-05-08,84.5,84.949997,80.550003,81.050003,81.050003,35362751.0,2020,5,8
2020-05-11,81.449997,90.650002,81.400002,86.099998,86.099998,152588401.0,2020,5,11
2020-05-12,85.949997,87.699997,83.5,86.199997,86.199997,77551590.0,2020,5,12
2020-05-13,92.5,92.5,86.25,87.199997,87.199997,68086031.0,2020,5,13
2020-05-14,83.949997,85.300003,82.550003,83.800003,83.800003,46340453.0,2020,5,14
2020-05-15,84.699997,85.349998,82.800003,84.349998,84.349998,38592209.0,2020,5,15
2020-05-18,84.5,84.5,79.599998,80.650002,80.650002,44221170.0,2020,5,18
2020-05-19,82.5,85.650002,81.5,81.800003,81.800003,65378983.0,2020,5,19
2020-05-20,81.25,84.400002,80.699997,83.449997,83.449997,36351053.0,2020,5,20
2020-05-21,83.099998,85.199997,82.900002,84.099998,84.099998,37290144.0,2020,5,21
2020-05-22,83.400002,83.900002,82.0,82.800003,82.800003,29252676.0,2020,5,22
2020-05-26,83.900002,85.699997,82.599998,83.099998,83.099998,38014864.0,2020,5,26
2020-05-27,84.099998,86.0,84.0,84.550003,84.550003,57947903.0,2020,5,27
2020-05-28,86.0,88.150002,84.550003,87.0,87.0,96179680.0,2020,5,28
2020-05-29,85.550003,87.5,84.650002,87.0,87.0,80813537.0,2020,5,29
2020-06-01,88.900002,91.199997,88.0,89.550003,89.550003,71070852.0,2020,6,1
2020-06-02,90.0,97.300003,89.75,96.5,96.5,125407771.0,2020,6,2
2020-06-03,100.0,101.449997,97.400002,98.75,98.75,90598067.0,2020,6,3
2020-06-04,99.0,101.400002,96.800003,98.5,98.5,72078707.0,2020,6,4
2020-06-05,100.449997,112.449997,99.050003,110.75,110.75,187209208.0,2020,6,5
2020-06-08,114.0,119.150002,113.349998,115.449997,115.449997,136943010.0,2020,6,8
2020-06-09,117.449997,117.900002,110.25,111.449997,111.449997,79473751.0,2020,6,9
2020-06-10,111.0,113.0,108.5,111.400002,111.400002,84038431.0,2020,6,10
2020-06-11,109.900002,111.150002,105.0,106.150002,106.150002,55485897.0,2020,6,11
2020-06-12,98.0,106.25,98.0,105.300003,105.300003,92989560.0,2020,6,12
2020-06-15,104.650002,104.650002,100.050003,100.5,100.5,69318356.0,2020,6,15
2020-06-16,102.0,103.5,92.0,94.75,94.75,215476711.0,2020,6,16
2020-06-17,93.0,96.400002,91.800003,95.400002,95.400002,110830038.0,2020,6,17
2020-06-18,95.0,97.199997,94.150002,96.349998,96.349998,58964344.0,2020,6,18
2020-06-19,96.5,103.900002,95.599998,102.5,102.5,135462757.0,2020,6,19
2020-06-22,102.349998,104.900002,101.0,102.650002,102.650002,68545834.0,2020,6,22
2020-06-23,103.0,106.0,101.900002,104.400002,104.400002,68638552.0,2020,6,23
2020-06-24,105.25,110.800003,104.199997,104.800003,104.800003,125457492.0,2020,6,24
2020-06-25,103.849998,106.300003,101.650002,103.800003,103.800003,63198285.0,2020,6,25
2020-06-26,105.400002,106.050003,100.349998,101.400002,101.400002,56327855.0,2020,6,26
2020-06-29,101.400002,101.400002,98.050003,99.449997,99.449997,43274006.0,2020,6,29
2020-06-30,101.75,102.300003,97.300003,98.25,98.25,50764363.0,2020,6,30
2020-07-01,99.0,101.449997,98.199997,100.75,100.75,50857376.0,2020,7,1
2020-07-02,100.75,102.949997,100.400002,101.550003,101.550003,48083736.0,2020,7,2
2020-07-03,102.849998,106.349998,102.099998,103.449997,103.449997,87310642.0,2020,7,3
2020-07-06,105.0,109.900002,104.5,109.0,109.0,91970198.0,2020,7,6
2020-07-07,109.800003,112.599998,108.050003,109.050003,109.050003,85835716.0,2020,7,7
2020-07-08,109.5,110.849998,104.199997,105.349998,105.349998,55887256.0,2020,7,8
2020-07-09,106.300003,108.949997,104.650002,106.949997,106.949997,54492650.0,2020,7,9
2020-07-10,106.699997,108.599998,105.400002,107.599998,107.599998,64694173.0,2020,7,10
2020-07-13,108.849998,112.099998,106.849998,108.0,108.0,81893001.0,2020,7,13
2020-07-14,106.900002,107.550003,104.099998,105.150002,105.150002,46924623.0,2020,7,14
2020-07-15,106.800003,106.800003,102.5,103.199997,103.199997,49687046.0,2020,7,15
2020-07-16,103.949997,103.949997,100.599998,102.949997,102.949997,44333785.0,2020,7,16
2020-07-17,103.650002,106.949997,103.300003,106.400002,106.400002,42080157.0,2020,7,17
2020-07-20,106.349998,106.349998,103.849998,105.050003,105.050003,39786731.0,2020,7,20
2020-07-21,106.0,109.699997,105.5,108.449997,108.449997,66008143.0,2020,7,21
2020-07-22,108.5,109.75,104.25,105.150002,105.150002,50735592.0,2020,7,22
2020-07-23,105.449997,106.449997,104.699997,106.050003,106.050003,30722413.0,2020,7,23
2020-07-24,104.699997,105.5,102.699997,103.75,103.75,39363520.0,2020,7,24
2020-07-27,104.0,104.5,101.300003,101.699997,101.699997,29644533.0,2020,7,27
2020-07-28,102.300003,107.199997,102.0,106.449997,106.449997,64271161.0,2020,7,28
2020-07-29,108.099998,108.75,104.849998,105.75,105.75,44561639.0,2020,7,29
2020-07-30,106.400002,106.75,102.849998,103.650002,103.650002,33378340.0,2020,7,30
2020-07-31,104.0,105.400002,102.300003,104.650002,104.650002,33809018.0,2020,7,31
2020-08-03,103.0,114.400002,102.900002,113.050003,113.050003,194765344.0,2020,8,3
2020-08-04,112.949997,115.099998,110.800003,111.449997,111.449997,95906477.0,2020,8,4
2020-08-05,112.400002,117.650002,112.0,115.400002,115.400002,99371050.0,2020,8,5
2020-08-06,116.199997,117.699997,115.5,116.800003,116.800003,60092530.0,2020,8,6
2020-08-07,117.0,119.699997,116.0,119.099998,119.099998,56489390.0,2020,8,7
2020-08-10,119.949997,124.699997,119.699997,123.849998,123.849998,71093810.0,2020,8,10
2020-08-11,125.0,125.800003,121.400002,122.300003,122.300003,50224665.0,2020,8,11
2020-08-12,121.0,126.400002,120.599998,125.349998,125.349998,50713617.0,2020,8,12
2020-08-13,126.099998,131.899994,124.400002,131.149994,131.149994,95489249.0,2020,8,13
2020-08-14,131.149994,132.649994,123.699997,124.599998,124.599998,75032834.0,2020,8,14
2020-08-17,124.5,126.25,120.599998,123.550003,123.550003,61154250.0,2020,8,17
2020-08-18,124.0,127.5,123.599998,125.599998,125.599998,62153763.0,2020,8,18
2020-08-19,127.0,127.599998,124.75,125.150002,125.150002,45128613.0,2020,8,19
2020-08-20,123.449997,125.650002,121.099998,121.699997,121.699997,43530882.0,2020,8,20
2020-08-21,124.199997,124.199997,120.150002,120.900002,120.900002,48650204.0,2020,8,21
2020-08-24,122.0,123.0,120.800003,121.199997,121.199997,31294253.0,2020,8,24
2020-08-25,121.800003,128.350006,121.099998,127.099998,127.099998,90263366.0,2020,8,25
2020-08-26,130.5,139.0,128.350006,137.899994,137.899994,197510376.0,2020,8,26
2020-08-27,140.100006,146.850006,139.300003,144.25,144.25,181380747.0,2020,8,27
2020-08-28,144.149994,146.199997,140.5,142.800003,142.800003,95194825.0,2020,8,28
2020-08-31,144.5,147.949997,138.199997,143.199997,143.199997,160564488.0,2020,8,31
2020-09-01,143.399994,145.149994,140.399994,143.800003,143.800003,58811543.0,2020,9,1
2020-09-02,144.300003,151.649994,141.449997,150.300003,150.300003,74947929.0,2020,9,2
2020-09-03,151.600006,155.199997,149.550003,151.850006,151.850006,110156350.0,2020,9,3
2020-09-04,147.899994,153.649994,147.0,147.800003,147.800003,95560889.0,2020,9,4
2020-09-07,150.0,152.0,148.0,149.399994,149.399994,82617101.0,2020,9,7
2020-09-08,149.449997,149.600006,141.199997,142.300003,142.300003,76286731.0,2020,9,8
2020-09-09,141.0,141.75,135.699997,140.100006,140.100006,105355010.0,2020,9,9
2020-09-10,142.800003,144.5,138.0,143.300003,143.300003,79606504.0,2020,9,10
2020-09-11,143.100006,146.800003,141.649994,144.300003,144.300003,65135339.0,2020,9,11
2020-09-14,147.199997,151.100006,145.5,148.550003,148.550003,84505930.0,2020,9,14
2020-09-15,149.399994,149.399994,146.550003,148.399994,148.399994,42886817.0,2020,9,15
2020-09-16,149.199997,154.300003,148.550003,151.449997,151.449997,85056501.0,2020,9,16
2020-09-17,150.800003,151.0,146.199997,147.649994,147.649994,48119360.0,2020,9,17
2020-09-18,148.699997,150.5,146.25,147.899994,147.899994,46270863.0,2020,9,18
2020-09-21,147.75,147.75,135.5,137.449997,137.449997,64734493.0,2020,9,21
2020-09-22,138.0,138.149994,129.649994,133.100006,133.100006,87298020.0,2020,9,22
2020-09-23,135.5,136.699997,127.900002,131.399994,131.399994,74981613.0,2020,9,23
2020-09-24,127.900002,128.800003,122.150002,122.800003,122.800003,62420957.0,2020,9,24
2020-09-25,123.699997,128.350006,123.099998,127.25,127.25,65040759.0,2020,9,25
2020-09-28,128.899994,134.300003,127.5,132.850006,132.850006,61830817.0,2020,9,28
2020-09-29,134.949997,136.0,130.699997,131.699997,131.699997,63366932.0,2020,9,29
2020-09-30,131.550003,134.399994,130.300003,133.300003,133.300003,48859088.0,2020,9,30
2020-10-01,135.899994,136.5,132.550003,133.5,133.5,40491744.0,2020,10,1
2020-10-05,136.949997,137.5,132.050003,133.899994,133.899994,55268322.0,2020,10,5
2020-10-06,138.0,145.800003,136.0,144.75,144.75,161987221.0,2020,10,6
2020-10-07,144.25,144.5,139.800003,141.0,141.0,68273641.0,2020,10,7
2020-10-08,142.850006,143.5,139.600006,140.949997,140.949997,40900948.0,2020,10,8
2020-10-09,141.149994,142.649994,138.0,138.449997,138.449997,37097190.0,2020,10,9
2020-10-12,139.649994,139.649994,133.0,135.899994,135.899994,39279109.0,2020,10,12
2020-10-13,135.399994,137.100006,132.850006,134.100006,134.100006,38973506.0,2020,10,13
2020-10-14,133.75,134.649994,128.800003,130.699997,130.699997,45791440.0,2020,10,14
2020-10-15,131.5,134.350006,126.5,126.949997,126.949997,64002864.0,2020,10,15
2020-10-16,129.399994,130.050003,126.0,127.75,127.75,62553775.0,2020,10,16
2020-10-19,129.800003,130.399994,127.800003,128.25,128.25,33157664.0,2020,10,19
2020-10-20,128.100006,130.300003,126.349998,129.649994,129.649994,27465829.0,2020,10,20
2020-10-21,131.050003,133.100006,128.300003,130.25,130.25,39252663.0,2020,10,21
2020-10-22,129.699997,134.600006,128.449997,133.5,133.5,48808592.0,2020,10,22
2020-10-23,134.899994,138.899994,134.100006,137.0,137.0,68711352.0,2020,10,23
2020-10-26,138.399994,140.800003,131.25,133.699997,133.699997,88531579.0,2020,10,26
2020-10-27,134.149994,136.75,130.850006,135.649994,135.649994,56856159.0,2020,10,27
2020-10-28,139.0,143.25,133.5,134.800003,134.800003,152359338.0,2020,10,28
2020-10-29,132.0,133.0,130.0,131.899994,131.899994,66632704.0,2020,10,29
2020-10-30,133.199997,134.5,130.300003,132.649994,132.649994,51128530.0,2020,10,30
2020-11-02,133.649994,134.0,131.100006,132.850006,132.850006,40388690.0,2020,11,2
2020-11-03,135.0,137.399994,133.550003,134.100006,134.100006,52071476.0,2020,11,3
2020-11-04,135.600006,137.0,134.0,135.899994,135.899994,44675934.0,2020,11,4
2020-11-05,137.0,138.0,136.0,137.649994,137.649994,38928602.0,2020,11,5
2020-11-06,137.649994,142.300003,137.649994,139.0,139.0,67966815.0,2020,11,6
2020-11-09,140.600006,141.5,138.699997,141.0,141.0,40277460.0,2020,11,9
2020-11-10,144.050003,146.699997,142.75,146.0,146.0,68794369.0,2020,11,10
2020-11-11,146.5,151.5,145.649994,150.949997,150.949997,78583629.0,2020,11,11
2020-11-12,150.949997,153.850006,150.0,151.199997,151.199997,56145517.0,2020,11,12
2020-11-13,150.0,150.0,145.350006,146.350006,146.350006,32566537.0,2020,11,13
2020-11-17,152.5,159.350006,152.199997,158.0,158.0,82644841.0,2020,11,17
2020-11-18,158.850006,178.800003,158.550003,173.5,173.5,171801183.0,2020,11,18
2020-11-19,171.399994,176.350006,166.550003,167.949997,167.949997,109449407.0,2020,11,19
2020-11-20,170.050003,171.550003,165.550003,169.100006,169.100006,66935703.0,2020,11,20
2020-11-23,169.5,173.899994,165.550003,170.699997,170.699997,54566251.0,2020,11,23
2020-11-24,171.850006,175.5,171.100006,172.050003,172.050003,47695247.0,2020,11,24
2020-11-25,175.0,176.800003,169.25,171.449997,171.449997,54366608.0,2020,11,25
2020-11-26,171.600006,175.0,171.050003,173.75,173.75,39094724.0,2020,11,26
2020-11-27,174.649994,183.850006,174.649994,180.350006,180.350006,125926062.0,2020,11,27
2020-12-01,182.350006,182.399994,178.100006,179.75,179.75,48881250.0,2020,12,1
2020-12-02,184.0,187.350006,181.100006,183.600006,183.600006,88107889.0,2020,12,2
2020-12-03,185.0,186.0,183.25,184.850006,184.850006,33332481.0,2020,12,3
2020-12-04,186.5,188.800003,182.199997,184.149994,184.149994,47995639.0,2020,12,4
2020-12-07,184.449997,186.449997,182.699997,183.550003,183.550003,29802472.0,2020,12,7
2020-12-08,184.949997,185.699997,178.949997,181.800003,181.800003,42143391.0,2020,12,8
2020-12-09,183.0,186.399994,181.649994,182.699997,182.699997,40300535.0,2020,12,9
2020-12-10,182.699997,182.699997,176.399994,177.600006,177.600006,38368777.0,2020,12,10
2020-12-11,177.949997,181.449997,176.5,178.850006,178.850006,43065542.0,2020,12,11
2020-12-14,181.0,181.5,176.699997,177.649994,177.649994,33186273.0,2020,12,14
2020-12-15,176.449997,179.699997,173.25,178.899994,178.899994,41190341.0,2020,12,15
2020-12-16,181.0,183.800003,180.100006,182.550003,182.550003,51259394.0,2020,12,16
2020-12-17,184.0,184.0,180.649994,181.699997,181.699997,34101954.0,2020,12,17
2020-12-18,180.899994,181.5,176.649994,180.550003,180.550003,46065197.0,2020,12,18
2020-12-21,176.0,177.550003,162.5,164.550003,164.550003,75582907.0,2020,12,21
2020-12-22,164.550003,169.199997,156.699997,164.949997,164.949997,110009846.0,2020,12,22
2020-12-23,165.0,169.699997,163.399994,169.199997,169.199997,56930071.0,2020,12,23
2020-12-24,172.0,178.0,172.0,175.949997,175.949997,73831319.0,2020,12,24
2020-12-28,179.850006,187.399994,179.0,186.350006,186.350006,98012135.0,2020,12,28
2020-12-29,187.899994,188.449997,181.100006,183.449997,183.449997,71318085.0,2020,12,29
2020-12-30,183.100006,185.399994,180.399994,184.149994,184.149994,38576159.0,2020,12,30
2020-12-31,184.850006,187.5,182.800003,183.850006,183.850006,48978310.0,2020,12,31
2021-01-01,184.949997,187.0,184.5,186.5,186.5,27334421.0,2021,1,1
2021-01-04,191.800003,193.0,188.75,191.300003,191.300003,63980597.0,2021,1,4
2021-01-05,187.100006,193.899994,185.050003,193.199997,193.199997,75752593.0,2021,1,5
2021-01-06,194.449997,197.600006,190.649994,195.399994,195.399994,75621947.0,2021,1,6
2021-01-07,197.0,200.350006,195.100006,196.75,196.75,66024848.0,2021,1,7
2021-01-08,198.75,201.5,197.100006,198.149994,198.149994,53991568.0,2021,1,8
2021-01-11,199.899994,225.399994,199.649994,220.649994,220.649994,182483100.0,2021,1,11
2021-01-12,227.0,252.399994,224.100006,237.800003,237.800003,390577839.0,2021,1,12
2021-01-13,242.899994,248.800003,238.399994,242.600006,242.600006,164649387.0,2021,1,13
2021-01-14,242.850006,249.800003,238.600006,245.100006,245.100006,86819519.0,2021,1,14
2021-01-15,246.0,264.649994,242.600006,260.299988,260.299988,250038029.0,2021,1,15
2021-01-18,261.649994,262.450012,241.149994,245.949997,245.949997,173383224.0,2021,1,18
2021-01-19,251.5,261.700012,251.300003,258.649994,258.649994,136861059.0,2021,1,19
2021-01-20,260.0,277.5,258.850006,274.899994,274.899994,205145151.0,2021,1,20
2021-01-21,281.0,299.0,280.0,290.600006,290.600006,283614463.0,2021,1,21
2021-01-22,295.950012,306.899994,278.350006,289.350006,289.350006,316008609.0,2021,1,22
2021-01-25,296.899994,299.5,277.350006,279.149994,279.149994,164346913.0,2021,1,25
2021-01-27,274.899994,275.0,265.700012,267.5,267.5,126586833.0,2021,1,27
2021-01-28,260.049988,273.399994,259.049988,266.799988,266.799988,129156876.0,2021,1,28
2021-01-29,273.0,278.799988,260.600006,262.700012,262.700012,138442348.0,2021,1,29
2021-02-01,269.75,282.0,255.350006,279.600006,279.600006,165655500.0,2021,2,1
2021-02-02,293.600006,328.850006,290.399994,322.0,322.0,251965965.0,2021,2,2
2021-02-03,339.200012,341.899994,326.200012,331.0,331.0,224190114.0,2021,2,3
2021-02-04,329.0,334.5,322.450012,326.149994,326.149994,121033002.0,2021,2,4
2021-02-05,327.600006,330.0,312.600006,315.899994,315.899994,103512235.0,2021,2,5
2021-02-08,318.75,339.25,318.0,335.950012,335.950012,102123614.0,2021,2,8
2021-02-09,337.0,338.5,322.200012,325.049988,325.049988,105981081.0,2021,2,9
2021-02-10,326.0,332.649994,319.5,328.899994,328.899994,93466949.0,2021,2,10
2021-02-11,326.450012,331.350006,323.399994,325.0,325.0,55257166.0,2021,2,11
2021-02-12,326.399994,330.5,321.25,325.399994,325.399994,64093642.0,2021,2,12
2021-02-15,329.899994,335.799988,324.0,333.350006,333.350006,78680452.0,2021,2,15
2021-02-16,335.450012,337.899994,327.5,329.200012,329.200012,65943843.0,2021,2,16
2021-02-17,326.899994,334.25,325.450012,330.149994,330.149994,52150941.0,2021,2,17
2021-02-18,331.5,331.75,321.100006,323.850006,323.850006,49204247.0,2021,2,18
2021-02-19,321.950012,321.950012,301.399994,311.850006,311.850006,80274683.0,2021,2,19
2021-02-22,312.450012,313.899994,302.149994,304.5,304.5,57723298.0,2021,2,22
2021-02-23,308.5,328.899994,308.5,324.0,324.0,133310157.0,2021,2,23
2021-02-24,325.0,330.0,316.5,321.649994,321.649994,50821757.0,2021,2,24
2021-02-25,325.350006,334.700012,323.25,333.149994,333.149994,64514912.0,2021,2,25
2021-02-26,323.0,332.950012,318.850006,322.950012,322.950012,91901339.0,2021,2,26
2021-03-01,330.0,331.850006,322.700012,328.299988,328.299988,61190868.0,2021,3,1
2021-03-02,331.100006,347.200012,326.450012,345.75,345.75,127708761.0,2021,3,2
2021-03-03,348.649994,357.0,346.5,348.5,348.5,92006451.0,2021,3,3
2021-03-04,339.0,345.399994,337.299988,339.200012,339.200012,59863169.0,2021,3,4
2021-03-05,333.0,337.850006,319.700012,325.149994,325.149994,86738909.0,2021,3,5
2021-03-08,331.75,331.75,318.799988,321.25,321.25,81925952.0,2021,3,8
2021-03-09,325.0,328.350006,309.600006,315.200012,315.200012,74702208.0,2021,3,9
2021-03-10,319.5,324.450012,316.700012,321.450012,321.450012,58643853.0,2021,3,10
2021-03-12,325.049988,326.5,314.149994,317.549988,317.549988,48360842.0,2021,3,12
2021-03-15,320.0,320.399994,310.049988,318.549988,318.549988,45081385.0,2021,3,15
2021-03-16,321.0,321.899994,315.100006,319.950012,319.950012,39267404.0,2021,3,16
2021-03-17,318.600006,320.0,304.0,305.799988,305.799988,47262481.0,2021,3,17
2021-03-18,311.0,316.600006,299.75,307.0,307.0,73731921.0,2021,3,18
2021-03-19,303.5,311.0,290.200012,308.950012,308.950012,109932681.0,2021,3,19
2021-03-22,306.450012,307.5,300.100006,303.049988,303.049988,56385019.0,2021,3,22
2021-03-23,305.0,312.25,304.0,307.399994,307.399994,60240483.0,2021,3,23
2021-03-24,303.549988,305.0,293.200012,294.450012,294.450012,61523819.0,2021,3,24
2021-03-25,294.0,294.0,282.25,285.549988,285.549988,84528317.0,2021,3,25
2021-03-26,290.5,301.399994,290.5,296.399994,296.399994,80924011.0,2021,3,26
2021-03-30,300.5,301.299988,292.700012,297.049988,297.049988,45257233.0,2021,3,30
2021-03-31,299.0,307.5,297.5,301.799988,301.799988,58569012.0,2021,3,31
2021-04-01,306.75,309.850006,303.049988,307.75,307.75,44088352.0,2021,4,1
2021-04-05,306.799988,311.700012,297.200012,305.049988,305.049988,66178755.0,2021,4,5
2021-04-06,306.149994,313.799988,304.799988,307.75,307.75,63031783.0,2021,4,6
2021-04-07,306.75,310.649994,305.100006,307.799988,307.799988,39073986.0,2021,4,7
2021-04-08,307.899994,319.799988,307.5,313.950012,313.950012,62459774.0,2021,4,8
2021-04-09,313.200012,325.0,312.5,318.200012,318.200012,75462572.0,2021,4,9
2021-04-12,307.850006,307.850006,282.899994,286.549988,286.549988,105342538.0,2021,4,12
2021-04-13,287.25,304.549988,280.549988,302.850006,302.850006,116874853.0,2021,4,13
2021-04-15,303.0,307.549988,296.5,303.5,303.5,75262749.0,2021,4,15
2021-04-16,302.0,315.0,300.149994,310.0,310.0,75330709.0,2021,4,16
2021-04-19,295.0,304.5,292.799988,301.399994,301.399994,65791784.0,2021,4,19
2021-04-20,307.700012,308.149994,294.200012,298.049988,298.049988,56740291.0,2021,4,20
2021-04-22,294.0,302.5,292.200012,294.549988,294.549988,61022978.0,2021,4,22
2021-04-23,291.0,300.0,290.5,294.0,294.0,58158986.0,2021,4,23
2021-04-26,297.0,299.0,294.600006,295.399994,295.399994,30583139.0,2021,4,26
2021-04-27,295.700012,302.5,295.100006,301.5,301.5,35040532.0,2021,4,27
2021-04-28,303.5,309.5,303.0,305.899994,305.899994,44668126.0,2021,4,28
2021-04-29,308.899994,310.0,301.25,301.899994,301.899994,36647292.0,2021,4,29
2021-04-30,298.200012,301.299988,292.549988,293.850006,293.850006,36121668.0,2021,4,30
2021-05-03,289.299988,294.75,285.0,293.0,293.0,35376618.0,2021,5,3
2021-05-04,296.350006,299.75,288.049988,289.450012,289.450012,38640006.0,2021,5,4
2021-05-05,293.5,293.899994,288.5,291.5,291.5,29350536.0,2021,5,5
2021-05-06,291.5,302.0,290.299988,301.25,301.25,45032502.0,2021,5,6
2021-05-07,303.0,305.950012,300.5,302.75,302.75,41591323.0,2021,5,7
2021-05-10,304.5,315.700012,304.0,314.850006,314.850006,53260388.0,2021,5,10
2021-05-11,309.549988,320.75,308.100006,315.549988,315.549988,58472304.0,2021,5,11
2021-05-12,318.25,334.75,316.25,326.0,326.0,111584920.0,2021,5,12
2021-05-14,329.350006,329.5,310.0,312.25,312.25,81305325.0,2021,5,14
2021-05-17,315.399994,323.850006,311.399994,321.100006,321.100006,51162423.0,2021,5,17
2021-05-18,325.950012,336.649994,324.0,332.450012,332.450012,86153088.0,2021,5,18
2021-05-19,313.0,322.950012,312.100006,314.450012,314.450012,119407026.0,2021,5,19
2021-05-20,316.0,316.600006,306.100006,307.700012,307.700012,54043899.0,2021,5,20
2021-05-21,312.0,315.700012,309.5,313.100006,313.100006,40358753.0,2021,5,21
2021-05-24,314.75,315.799988,310.200012,311.850006,311.850006,31963997.0,2021,5,24
2021-05-25,315.549988,319.0,313.850006,315.25,315.25,37382263.0,2021,5,25
2021-05-26,316.100006,320.0,314.799988,315.5,315.5,28639717.0,2021,5,26
2021-05-27,317.049988,323.450012,316.549988,318.600006,318.600006,49484106.0,2021,5,27
2021-05-28,322.649994,324.5,316.5,318.75,318.75,26618815.0,2021,5,28
2021-05-31,318.700012,319.75,312.100006,318.75,318.75,30917309.0,2021,5,31
2021-06-01,319.200012,325.700012,317.299988,318.100006,318.100006,32595728.0,2021,6,1
2021-06-02,315.950012,324.399994,315.600006,323.0,323.0,26323777.0,2021,6,2
2021-06-03,325.299988,327.700012,323.649994,325.649994,325.649994,21408371.0,2021,6,3
2021-06-04,325.149994,336.899994,324.25,334.950012,334.950012,41278749.0,2021,6,4
2021-06-07,339.75,351.0,339.75,345.5,345.5,64986814.0,2021,6,7
2021-06-08,346.25,356.649994,337.5,352.75,352.75,44104954.0,2021,6,8
2021-06-09,356.200012,358.899994,339.75,343.350006,343.350006,59334814.0,2021,6,9
2021-06-10,345.200012,347.850006,342.399994,344.75,344.75,24351860.0,2021,6,10
2021-06-11,346.0,352.899994,344.350006,350.75,350.75,36441967.0,2021,6,11
2021-06-14,350.049988,357.899994,341.100006,355.950012,355.950012,38482142.0,2021,6,14
2021-06-15,355.75,360.75,351.5,352.700012,352.700012,35526159.0,2021,6,15
2021-06-16,350.100006,356.0,348.100006,349.350006,349.350006,27550588.0,2021,6,16
2021-06-17,348.399994,352.899994,342.25,345.649994,345.649994,29236974.0,2021,6,17
2021-06-18,345.649994,346.899994,329.0,337.399994,337.399994,49440514.0,2021,6,18
2021-06-21,330.899994,335.799988,326.200012,334.299988,334.299988,29123887.0,2021,6,21
2021-06-22,337.100006,344.299988,336.149994,337.899994,337.899994,26708459.0,2021,6,22
2021-06-23,341.0,343.25,334.299988,335.25,335.25,25741628.0,2021,6,23
2021-06-24,335.0,337.399994,333.350006,334.649994,334.649994,15580223.0,2021,6,24
2021-06-25,335.899994,342.799988,335.899994,339.649994,339.649994,22426352.0,2021,6,25
